#domain,ioc,uri_path
16-fa.pw,Possible Cobalt Strike C2 Fronted Domain,/api/logout
360sec.cloud,Possible Cobalt Strike C2 Domain,/restapi/soa2/21881/json/gethotdestination
360sec.site,Possible Cobalt Strike C2 Domain,/restapi/soa2/21881/json/gethotdestination
6.tcp.ngrok.io,Possible Cobalt Strike C2 Domain,/jquery-3.3.1.min.js
6pen.art,Possible Cobalt Strike C2 Fronted Domain,/toutiao/search
a.bwvwvwv.cf,Possible Cobalt Strike C2 Domain,/include/template/isx.php
a.connectie-78d5566d11aea.nl,Possible Cobalt Strike C2 Domain,/58d84ae5-6a23-4b6a-9fe3-459fd28560c0/
a.wvwvwv.tk,Possible Cobalt Strike C2 Domain,/include/template/isx.php
abc1.qianxinsecurity.com,Possible Cobalt Strike C2 Domain,/g.pixel
acc.officeappsreviews.com,Possible Cobalt Strike C2 Domain,/lanche-334e58sfj4eeu7h4dd3sss32d
accessdevsolutions.com,Possible Cobalt Strike C2 Domain,/ku.js
accessinfonet.com,Possible Cobalt Strike C2 Domain,/an
accessinfonet.com,Possible Cobalt Strike C2 Domain,/favicon
active.clarusbank.com,Possible Cobalt Strike C2 Domain,/j.ad
admin.16-fa.pw,Possible Cobalt Strike C2 Fronted Domain,/api/logout
admin.yuexiu.life,Possible Cobalt Strike C2 Domain,/api/info
adspirenetwork.com,Possible Cobalt Strike C2 Domain,/html.js
adspirenetwork.com,Possible Cobalt Strike C2 Domain,/ku.js
agency.baidubet.com,Possible Cobalt Strike C2 Domain,/azure/api/v2/userinfo/get
ailbaba.shop,Possible Cobalt Strike C2 Domain,/preload
alarm.bettermoneyhelp.com,Possible Cobalt Strike C2 Domain,/j.ad
aleagroupdevelopment.com,Possible Cobalt Strike C2 Domain,/html.js
aleagroupdevelopment.com,Possible Cobalt Strike C2 Domain,/ku.js
alisso-alisso-vbadupbpwk.cn-zhangjiakou.fcapp.run,Possible Cobalt Strike C2 Domain,/api/user
alivod.med126.com,Possible Cobalt Strike C2 Fronted Domain,/jquery-3.3.1.min.js
antegivi.com,Possible Cobalt Strike C2 Domain,/updates.rss
antliveplay.alicdn.com,Possible Cobalt Strike C2 Fronted Domain,/jquery-3.3.1.min.js
api.0nedriveup.com,Possible Cobalt Strike C2 Domain,/activity
api.linkein.org,Possible Cobalt Strike C2 Domain,/wp06/wp-includes/po.php
api.mmmllkps.tk,Possible Cobalt Strike C2 Domain,/pixel
api.tanksw.top,Possible Cobalt Strike C2 Domain,/pixel.gif
api.upgrad3.cc,Possible Cobalt Strike C2 Domain,/ptj
apiv4.unemployment-compensation.org,Possible Cobalt Strike C2 Domain,/ui
app.dbapp.xyz,Possible Cobalt Strike C2 Domain,/jquery-3.3.1.min.js
app.dlmix.ourdvs.com,Possible Cobalt Strike C2 Fronted Domain,/dist/css/bootstrap.min.css
arpa.viewdns.net,Possible Cobalt Strike C2 Domain,/_/scs/mail-static/_/js/
as.dsvchost.com,Possible Cobalt Strike C2 Domain,/zh
as.sortx2.com,Possible Cobalt Strike C2 Domain,/ml
as.tackhostw.com,Possible Cobalt Strike C2 Domain,/ch
as.vm3dservice.com,Possible Cobalt Strike C2 Domain,/RELEASE.html
ask.healthgurues.com,Possible Cobalt Strike C2 Domain,/j.ad
asssaaass1.qianxinsecurity.com,Possible Cobalt Strike C2 Domain,/fwlink
atlantisenergysystems.com,Possible Cobalt Strike C2 Domain,/tab_shop_active.css
australiansuper.xyz,Possible Cobalt Strike C2 Fronted Domain,/owa
auth.webapi-telegram.com,Possible Cobalt Strike C2 Domain,/msdownload/update/v3/static/trustedr/ru/authrootstl.cab
auto.safariupdate.net,Possible Cobalt Strike C2 Domain,/api/v4/zones/entitlements
awesomejackson.zscaler.skytapdns.com,Possible Cobalt Strike C2 Domain,/__utm.gif
baidu.hao012.tk,Possible Cobalt Strike C2 Domain,/updates.rss
baidu.moonsir.cf,Possible Cobalt Strike C2 Domain,/wp08/wp-includes/dtcla.php
bid.skhystec.com,Possible Cobalt Strike C2 Domain,/gmail/about/static-2.0/js/main.min.js
bingobangobongobishbashbosh.xyz,Possible Cobalt Strike C2 Domain,/ki.js
binsmob.com,Possible Cobalt Strike C2 Domain,/pixel.gif
blacktulip.tk,Possible Cobalt Strike C2 Domain,/visit.js
block.health-degree.com,Possible Cobalt Strike C2 Domain,/j.ad
bopever.co,Possible Cobalt Strike C2 Domain,/Kill/message/SLZ5D6LY
bot1.qianxinsecurity.com,Possible Cobalt Strike C2 Domain,/cx
br.claughs.ga,Possible Cobalt Strike C2 Domain,/api/3
br.claughs.ga,Possible Cobalt Strike C2 Fronting Domain,/api/3
bravo.minutes-men.com,Possible Cobalt Strike C2 Domain,/fo
brownderbys.com,Possible Cobalt Strike C2 Domain,/design/query/9X5M3SOE0F
c1.haopangnie.top,Possible Cobalt Strike C2 Domain,/visit.js
c1.unirorm.xyz,Possible Cobalt Strike C2 Domain,/dot.gif
c2.haopangnie.top,Possible Cobalt Strike C2 Domain,/__utm.gif
c2.ststjst.shop,Possible Cobalt Strike C2 Domain,/jquery-3.3.1.min.js
c2c.updatenews.me,Possible Cobalt Strike C2 Domain,/activity
c2c.updatenews.me,Possible Cobalt Strike C2 Domain,/cx
c2c.updatenews.me,Possible Cobalt Strike C2 Domain,/match
c2listx.beauty,Possible Cobalt Strike C2 Domain,/api/3
c3.haopangnie.top,Possible Cobalt Strike C2 Domain,/pixel
cancel.soupandselfcare.com,Possible Cobalt Strike C2 Domain,/dpixel
card.starbucks.com.s3.bucket-amazon.com,Possible Cobalt Strike C2 Domain,/signin
cas.opposrv.top,Possible Cobalt Strike C2 Domain,/js/jquery-3.4.1.min.js
cc.claughs.ga,Possible Cobalt Strike C2 Fronted Domain,/api/3
cce.netuse1.eu.org,Possible Cobalt Strike C2 Domain,/sugrec
cdn.ad-tracker.org,Possible Cobalt Strike C2 Fronted Domain,/preload
cdn.adobe-research.net,Possible Cobalt Strike C2 Fronted Domain,/preload
cdn.avprotect.net,Possible Cobalt Strike C2 Fronted Domain,/preload
cdn.azureeservices.co.uk,Possible Cobalt Strike C2 Domain,/__utm.gif
cdn.dns-response.net,Possible Cobalt Strike C2 Fronted Domain,/preload
cdn.dnsportal.org,Possible Cobalt Strike C2 Fronted Domain,/preload
cdn.efstech.de,Possible Cobalt Strike C2 Domain,/adstats/v1c
cdn.ethvseos.nl,Possible Cobalt Strike C2 Domain,/image/
cdn.idnslookup.net,Possible Cobalt Strike C2 Fronted Domain,/preload
cdn.microsoft-hk.com,Possible Cobalt Strike C2 Domain,/CloudGraph/Collection/v1
cdn.myfreelibrary.org,Possible Cobalt Strike C2 Domain,/login
cdn.softproxyapi.com,Possible Cobalt Strike C2 Domain,/client/v4/zones
cdn.static.ettiao.com,Possible Cobalt Strike C2 Fronted Domain,/jquery-3.3.1.min.js
cdn.suiteb.io,Possible Cobalt Strike C2 Domain,/__utm.gif
cdn.update.microsoft.com.w.kunluncan.com,Possible Cobalt Strike C2 Fronted Domain,/api/x
cdn_1.cnnvd.club,Possible Cobalt Strike C2 Domain,/visit.js
cdnua01.project27strategy.com,Possible Cobalt Strike C2 Domain,/en-us/p/onerf/MeSilentPassport
cetixsystems.com,Possible Cobalt Strike C2 Domain,/fo.html
charlie-twice.suiteb.io,Possible Cobalt Strike C2 Domain,/__utm.gif
charlie-twice.suiteb.io,Possible Cobalt Strike C2 Domain,/owa/
check.htl502.tech,Possible Cobalt Strike C2 Domain,/ca
check.judicical.ml,Possible Cobalt Strike C2 Domain,/jquery-3.3.1.min.js
check.update.nadra-pk.org,Possible Cobalt Strike C2 Domain,/pixel
check1.judicical.ml,Possible Cobalt Strike C2 Domain,/jquery-3.3.1.min.js
chidao.icu,Possible Cobalt Strike C2 Domain,/ga.js
chinaratings.getsec.cc,Possible Cobalt Strike C2 Domain,/activity
citrixinfo.azureedge.net,Possible Cobalt Strike C2 Domain,/jquery-3.3.1.min.js
cityoall.com,Possible Cobalt Strike C2 Domain,/j.ad
cloudflear.cf,Possible Cobalt Strike C2 Domain,/api/3
cloudupdateservice.online,Possible Cobalt Strike C2 Fronted Domain,/c/msdownload/update/others/2020/10/29136388_
coalafoods.com,Possible Cobalt Strike C2 Domain,/design/query/9X5M3SOE0F
configupdate.com,Possible Cobalt Strike C2 Domain,/ku.js
consumer-img.huawei.com,Possible Cobalt Strike C2 Fronted Domain,/lib/v2/wcp-consent.js
contact.mwam.support,Possible Cobalt Strike C2 Domain,/messages/C0527B0NM
content.microsoft.com.w.kunlunca.com,Possible Cobalt Strike C2 Fronted Domain,/push
core-win-up.global.ssl.fastly.net,Possible Cobalt Strike C2 Domain,/pixel
cross.tradinginhealth.com,Possible Cobalt Strike C2 Domain,/j.ad
cs.aabyss.cn,Possible Cobalt Strike C2 Domain,/www/handle/doc
cs.docker-compose-update.com,Possible Cobalt Strike C2 Fronted Domain,/aaaaaaaaa
cs.hacker.wang,Possible Cobalt Strike C2 Domain,/activity
cs.kingsoft365.top,Possible Cobalt Strike C2 Domain,/activity
cs.p0dan.site,Possible Cobalt Strike C2 Domain,/async/ddljson
cs.wsxqaz.top,Possible Cobalt Strike C2 Domain,/jquery-3.3.1.min.js
cscscscscs.imalloc.cn,Possible Cobalt Strike C2 Domain,/api/3
csremote.duckdns.org,Possible Cobalt Strike C2 Domain,/dot.gif
cyberwf.cf,Possible Cobalt Strike C2 Domain,/cx
d11lqfjylv7hzs.cloudfront.net,Possible Cobalt Strike C2 Domain,/s/ref=nb_sb_noss_1/167-3294888-0262949/field-keywords=books
d1672414.azureedge.net,Possible Cobalt Strike C2 Domain,/rn
d1am0nd.ddns.net,Possible Cobalt Strike C2 Domain,/cm
d1am0nd.ddns.net,Possible Cobalt Strike C2 Domain,/pixel
d1j6ynnkkyzn6b.cloudfront.net,Possible Cobalt Strike C2 Domain,/s/ref=nb_sb_noss_1/167-3294888-026249/field-keywords=year
d1m383qkjwdfx0.cloudfront.net,Possible Cobalt Strike C2 Domain,/s/ref=nb_sb_noss_1/167-3294888-026249/field-keywords=year
d1n3g6gayr311x.cloudfront.net,Possible Cobalt Strike C2 Domain,/html
d2h7014tid4d1y.cloudfront.net,Possible Cobalt Strike C2 Domain,/case
d2r7zxxp94uuq9.cloudfront.net,Possible Cobalt Strike C2 Domain,/ny
d2tm7b3g7gf7d5.cloudfront.net,Possible Cobalt Strike C2 Domain,/fo
d3c0hjeoqmryl5.cloudfront.net,Possible Cobalt Strike C2 Domain,/safebrowsing/8q98pYJ/V16gfsYQQuKzweZW4ysIJrtWB-h
d3llu4686fshym.cloudfront.net,Possible Cobalt Strike C2 Domain,/ny
d3o8tsrpl5k6yb.cloudfront.net,Possible Cobalt Strike C2 Domain,/safebrowsing/8q98pYJ/V16gfsYQQuKzweZW4ysIJrtWB-h
d3so0g2pxg0u5a.cloudfront.net,Possible Cobalt Strike C2 Domain,/safebrowsing/8q98pYJ/V16gfsYQQuKzweZW4ysIJrtWB-h
da.fulim.top,Possible Cobalt Strike C2 Domain,/push
dangofil.xyz,Possible Cobalt Strike C2 Fronted Domain,/api/logout
dash.congluanz.net,Possible Cobalt Strike C2 Domain,/jquery-3.3.1.min.js
datacloudprocessing.com,Possible Cobalt Strike C2 Domain,/extension
datacloudprocessing.com,Possible Cobalt Strike C2 Domain,/ny.css
daxiong.doraemon.homes,Possible Cobalt Strike C2 Domain,/zOMGAPT
ddc6e733wcyh7.cloudfront.net,Possible Cobalt Strike C2 Fronted Domain,/5aq/XP/SY75Qyw.htm
def30qw5ks4uw.cloudfront.net,Possible Cobalt Strike C2 Domain,/s/ref=nb_sb_noss_1/167-3294888-0262949/field-keywords=books
description.bettermoneyhelp.com,Possible Cobalt Strike C2 Domain,/owa/W1x7JCcx-jqUmekQl5daTU8WWFHFX-V3Er
dev01.kagotsurube.org,Possible Cobalt Strike C2 Domain,/jquery-3.3.1.min.js
dev02.kagotsurube.org,Possible Cobalt Strike C2 Domain,/jquery-3.3.1.min.js
developersolutions.org,Possible Cobalt Strike C2 Domain,/template.js
devnetapp.com,Possible Cobalt Strike C2 Domain,/d_config
devnetapp.com,Possible Cobalt Strike C2 Domain,/ky
dg.gdga.org.cn,Possible Cobalt Strike C2 Domain,/update/
dh5rg5aebo6yx.cloudfront.net,Possible Cobalt Strike C2 Domain,/safebrowsing/fp/Q6wi29xYH0gsRSIeIgVpy0
dianqi1.dianqi2.jiayongdianqi.xyz,Possible Cobalt Strike C2 Domain,/home/
dianqi1.jiayongdianqi.xyz,Possible Cobalt Strike C2 Domain,/home/
dianqi2.dianqi1.jiayongdianqi.xyz,Possible Cobalt Strike C2 Domain,/home/
dianqi2.jiayongdianqi.xyz,Possible Cobalt Strike C2 Domain,/home/
digital.yesky.com,Possible Cobalt Strike C2 Fronted Domain,/owa
discover.myegov.eu,Possible Cobalt Strike C2 Domain,/showcaptcha
dn4d1v1ofq2j1.cloudfront.net,Possible Cobalt Strike C2 Domain,/s/ref=nb_sb_noss_1/167-3294888-0262949/field-keywords=books
dns.alidns1.tk,Possible Cobalt Strike C2 Domain,/csdn-footer.css
dns.antegivi.com,Possible Cobalt Strike C2 Domain,/pixel
dns.azurelive-dns.com,Possible Cobalt Strike C2 Fronted Domain,/jquery-3.3.1.min.js
dns.binsmob.com,Possible Cobalt Strike C2 Domain,/pixel
dns.checkavail.space,Possible Cobalt Strike C2 Domain,/maps/overlaybfpr
dns.cityoall.com,Possible Cobalt Strike C2 Domain,/j.ad
dns.crestbrige.site,Possible Cobalt Strike C2 Domain,/safebrowsing/mDn-/7YSLjQ0E-3erRkbO8ZDjD
dns.djn.blue,Possible Cobalt Strike C2 Domain,/api
dns.exploitresearch.art,Possible Cobalt Strike C2 Domain,/jquery-3.3.1.min.js
dns.forcorpor.com,Possible Cobalt Strike C2 Domain,/__utm.gif
dns.forcorpor.com,Possible Cobalt Strike C2 Domain,/dot.gif
dns.greypsecurity.training,Possible Cobalt Strike C2 Domain,/search/
dns.incididunt.com,Possible Cobalt Strike C2 Domain,/pixel.gif
dns.ns1.akingump.cloud,Possible Cobalt Strike C2 Domain,/fwlink
dns.velmeded.com,Possible Cobalt Strike C2 Domain,/IE9CompatViewList.xml
dns.velmeded.com,Possible Cobalt Strike C2 Domain,/dot.gif
dns.veriernano.com,Possible Cobalt Strike C2 Domain,/push
dnsproxy.blueseaedu.com,Possible Cobalt Strike C2 Domain,/maps/overlaybfpr
dnsswag.djn.blue,Possible Cobalt Strike C2 Domain,/search
doc.bluework.ink,Possible Cobalt Strike C2 Domain,/jquery-3.3.1.min.js
doc.freeonline-office.com,Possible Cobalt Strike C2 Domain,/signin
down.dlsec.eu.org,Possible Cobalt Strike C2 Domain,/sugrec
download.chanenergy.com,Possible Cobalt Strike C2 Domain,/c/msdownload/update/others/2022/03/29136388_
dpp.zhuoeye.com,Possible Cobalt Strike C2 Domain,/jquery-3.3.1.min.js
drgb74ojbgxg7.cloudfront.net,Possible Cobalt Strike C2 Domain,/ku
dropper.bilibili360.xyz,Possible Cobalt Strike C2 Domain,/cm
dt.localtoast.co.za,Possible Cobalt Strike C2 Domain,/api/get.php
dww.netuse1.eu.org,Possible Cobalt Strike C2 Domain,/sugrec
ec2-cs01-verify.ossaliyun.info,Possible Cobalt Strike C2 Domain,/load
edu.enorth.com.cn,Possible Cobalt Strike C2 Fronted Domain,/owa
edu.hicomputing.huawei.com,Possible Cobalt Strike C2 Fronted Domain,/s3/fiji-static/_/CbirPanel@desktop.en.4307c8d994f7025d1b03bc7987dff5e0.js
energy.steelcdn.com,Possible Cobalt Strike C2 Domain,/j.ad
eu-1.myegov.eu,Possible Cobalt Strike C2 Domain,/showcaptcha
exchanges1.microsoftser.top,Possible Cobalt Strike C2 Domain,/fwlink
exchanges1.microsoftser.top,Possible Cobalt Strike C2 Domain,/rp/1hGciYbPE6ALKVPnmrkw4Pko3GI.br.js
exchanges2.microsoftser.top,Possible Cobalt Strike C2 Domain,/ptj
exchanges2.microsoftser.top,Possible Cobalt Strike C2 Domain,/rp/1hGciYbPE6ALKVPnmrkw4Pko3GI.br.js
exl.officeappsreviews.com,Possible Cobalt Strike C2 Domain,/lanche-334e58sfj4eeu7h4dd3sss32d
external.myazureonline.com,Possible Cobalt Strike C2 Domain,/IE9CompatViewList.xml
external.myazureonline.com,Possible Cobalt Strike C2 Domain,/ga.js
file.spotify.com.s3.bucket-amazon.com,Possible Cobalt Strike C2 Domain,/signin
fj.crland.com.cn,Possible Cobalt Strike C2 Fronting Domain,/audiencemanager.js
fms.myftp.org,Possible Cobalt Strike C2 Fronted Domain,/s/ref=nb_sb_noss_1/167-3294888-0262949/field-keywords=books
forcorpor.com,Possible Cobalt Strike C2 Domain,/dpixel
forcorpor.com,Possible Cobalt Strike C2 Domain,/load
fukuoka.cloud-maste.com,Possible Cobalt Strike C2 Fronting Domain,/5aq/XP/SY75Qyw.htm
googlecloudsvcs.com,Possible Cobalt Strike C2 Domain,/en_US/all.js
googlecloudsvcs.com,Possible Cobalt Strike C2 Domain,/match
greencorp.pro,Possible Cobalt Strike C2 Domain,/___utm.gif
groupline.org,Possible Cobalt Strike C2 Domain,/bg
groupline.org,Possible Cobalt Strike C2 Domain,/faq
gwgp-qgrtsasseax.n.bdcloudapi.com,Possible Cobalt Strike C2 Domain,/jquery-3.3.1.min.js
hack.mchotspring.press,Possible Cobalt Strike C2 Domain,/updates.rss
hashmap.tw,Possible Cobalt Strike C2 Fronted Domain,/restapi/soa2/21881/json/gethotdestination
heastings.com,Possible Cobalt Strike C2 Domain,/design/query/9X5M3SOE0F
help.npmstatic.com,Possible Cobalt Strike C2 Domain,/page.jsp
hepinghealth365.top,Possible Cobalt Strike C2 Domain,/index.html
highway.steelcdn.org,Possible Cobalt Strike C2 Domain,/w/index.php
home-hsf2czcghwhjg7fh.z01.azurefd.net,Possible Cobalt Strike C2 Domain,/safebrowsing/3C4j21xN/xijqb2bWP9tK63lwqNALftwPDYo70
home.firefoxchina.cn,Possible Cobalt Strike C2 Fronted Domain,/audiencemanager.js
hommyyy-hjbggphhf5bnfmhu.z01.azurefd.net,Possible Cobalt Strike C2 Domain,/safebrowsing/oAX7UR/hCvS3syeaHpeu3IgZr7FUN
huanjing.chinaeic.net,Possible Cobalt Strike C2 Fronting Domain,/dist/css/bootstrap.min.css
huo96.icu,Possible Cobalt Strike C2 Domain,/__utm.gif
huvoyofib.org,Possible Cobalt Strike C2 Fronted Domain,/eso.html
iane.initiativeus.com,Possible Cobalt Strike C2 Domain,/gecko-002209d43095321-04009-29d082d
iane.outlookonlines.com,Possible Cobalt Strike C2 Domain,/web-sinf002209d30000022ii0921071812d
image.toutiao.com,Possible Cobalt Strike C2 Fronting Domain,/toutiao/search
imap.hopto.org,Possible Cobalt Strike C2 Domain,/www/handle/docs
incididunt.com,Possible Cobalt Strike C2 Domain,/updates.rss
independent.vittoriocas137.workers.dev,Possible Cobalt Strike C2 Domain,/poll
info.bookworld-langchao.work,Possible Cobalt Strike C2 Domain,/jquery.js
ivukwzbzfw.gofunhome.buzz,Possible Cobalt Strike C2 Domain,/bootstrap/5.1.8/js/bootstrap.min.js
jahayakoj.info,Possible Cobalt Strike C2 Fronted Domain,/dz
jahayakoj.info,Possible Cobalt Strike C2 Fronted Domain,/mk
jelly.readteam.cloud,Possible Cobalt Strike C2 Domain,/__utm.gif
jquery.etalafer.eu.org,Possible Cobalt Strike C2 Domain,/en_US/all.js
js.msedgeupdate.com,Possible Cobalt Strike C2 Domain,/cx
jt.tnnd.ml,Possible Cobalt Strike C2 Domain,/xmlconnect.html
k.mo4.xyz,Possible Cobalt Strike C2 Domain,/upset/v8.46/6P3ZMHTM
kihurij.com,Possible Cobalt Strike C2 Domain,/Demo/Internet/FT2F740QMYJ
lauracenters.com,Possible Cobalt Strike C2 Domain,/design/query/9X5M3SOE0F
lecture.liveritehealthcare.com,Possible Cobalt Strike C2 Domain,/j.ad
leno.initiativeus.com,Possible Cobalt Strike C2 Domain,/gecko-002209d43095321-04009-29d082d
leno.outlookonlines.com,Possible Cobalt Strike C2 Domain,/web-sinf002209d30000022ii0921071812d
license.itekgroup.com,Possible Cobalt Strike C2 Domain,/poll
light.tsinghua.fyi,Possible Cobalt Strike C2 Domain,/owa/vl-ZuQkOaCsXGGGokO0Qinkb
lijiang.yunnan.cn,Possible Cobalt Strike C2 Fronted Domain,/owa
linkpop.com.s3.bucket-amazon.com,Possible Cobalt Strike C2 Domain,/signin
log.lihaimaoyi.com,Possible Cobalt Strike C2 Domain,/api/3
log.speech-microsoft.com,Possible Cobalt Strike C2 Domain,/c/msdownload/update/others/2017/12/29132a9e7a0e9a9e2
login.webapi-telegram.com,Possible Cobalt Strike C2 Domain,/msdownload/update/v3/static/trustedr/ru/authrootstl.cab
logs.speech-microsoft.com,Possible Cobalt Strike C2 Domain,/c/msdownload/update/others/2017/12/29132a9e7a0e9a9e2
lumsguttenberg.com,Possible Cobalt Strike C2 Domain,/design/query/9X5M3SOE0F
lxnft.org,Possible Cobalt Strike C2 Domain,/maps/overlaybfpr
lzcs.iplinkedlists.tk,Possible Cobalt Strike C2 Domain,/getapi
m7py7pju95.execute-api.us-east-1.amazonaws.com,Possible Cobalt Strike C2 Domain,/api/en-us/p/book-2/8MCPZJJCC98C
mail.cncb.info,Possible Cobalt Strike C2 Domain,/updates
mail.freeonline-office.com,Possible Cobalt Strike C2 Domain,/signin
master.drobenhealth.com,Possible Cobalt Strike C2 Domain,/j.ad
matrix-architectural.com,Possible Cobalt Strike C2 Domain,/design/query/9X5M3SOE0F
mecezom.biz,Possible Cobalt Strike C2 Fronted Domain,/modcp.css
microsoftservice.ml,Possible Cobalt Strike C2 Domain,/owa/
midasusme.uk,Possible Cobalt Strike C2 Domain,/pixel
midasusme.uk,Possible Cobalt Strike C2 Domain,/visit.js
mobile.opposrv.top,Possible Cobalt Strike C2 Domain,/js/jquery-3.4.1.min.js
mpls.myvnc.com,Possible Cobalt Strike C2 Fronted Domain,/s/ref=nb_sb_noss_1/167-3294888-0262949/field-keywords=books
msdwn.herokuapp.com,Possible Cobalt Strike C2 Domain,/jquery-3.3.1.min.js
msedgesupport.azureedge.net,Possible Cobalt Strike C2 Domain,/jquery-3.3.1.min.js
mx.weixin3.bond,Possible Cobalt Strike C2 Domain,/c/msdownload/update/others/2022/10/29136388_
n1.yahu360.space,Possible Cobalt Strike C2 Domain,/pixel
nbnj.xyz,Possible Cobalt Strike C2 Domain,/wp08/wp-includes/dtcla.php
nc1.mlcr0s0ft.one,Possible Cobalt Strike C2 Domain,/api/3
network.drivespacenet.com,Possible Cobalt Strike C2 Domain,/www/handle/doc
news.komitemedical.com,Possible Cobalt Strike C2 Domain,/j.ad
newstatisc.googleinfo.se,Possible Cobalt Strike C2 Domain,/dpixel
niuliang.xyz,Possible Cobalt Strike C2 Fronted Domain,/hao123/haofa.js
njohsp.gov,Possible Cobalt Strike C2 Fronting Domain,/remove
nn.gxyy77.xyz,Possible Cobalt Strike C2 Domain,/jquery-3.3.1.min.js
note.jianshu.com,Possible Cobalt Strike C2 Fronting Domain,/azure/api/v2/userinfo/get
note.jianshu.com.wsdvs.com,Possible Cobalt Strike C2 Fronted Domain,/azure/api/v2/userinfo/get
note1.mcuweb.cf,Possible Cobalt Strike C2 Domain,/jquery-3.6.0.min.js
note2.mcuweb.cf,Possible Cobalt Strike C2 Domain,/jquery-3.6.0.min.js
note3.mcuweb.cf,Possible Cobalt Strike C2 Domain,/jquery-3.6.0.min.js
notmalware.red-wizard-demo-01.nl,Possible Cobalt Strike C2 Domain,/718acd1d-f3aa-4848-860a-c077e2c59189/
ns.checkavail.space,Possible Cobalt Strike C2 Domain,/maps/overlaybfpr
ns.googlearth.top,Possible Cobalt Strike C2 Domain,/image/
ns.killbaidu.cn,Possible Cobalt Strike C2 Domain,/IE9CompatViewList.xml
ns.msazure.dnsrd.com,Possible Cobalt Strike C2 Domain,/Windows
ns.qaxno1.ml,Possible Cobalt Strike C2 Domain,/poll
ns.z7-tech.com,Possible Cobalt Strike C2 Domain,/search
ns1.007work.icu,Possible Cobalt Strike C2 Domain,/ca
ns1.007work.icu,Possible Cobalt Strike C2 Domain,/cm
ns1.333ling.com,Possible Cobalt Strike C2 Domain,/push
ns1.a1batr0ss.xyz,Possible Cobalt Strike C2 Domain,/pixel.gif
ns1.abcon.online,Possible Cobalt Strike C2 Domain,/dot.gif
ns1.ace3.ru,Possible Cobalt Strike C2 Domain,/gmail/about/static-2.0/js/main.min.js
ns1.akingump.cloud,Possible Cobalt Strike C2 Domain,/IE9CompatViewList.xml
ns1.alidns1.tk,Possible Cobalt Strike C2 Domain,/logo.js
ns1.allegiancefithealth.com,Possible Cobalt Strike C2 Domain,/async/newtab_promos
ns1.amz-proxy.net,Possible Cobalt Strike C2 Fronted Domain,/jquery-3.5.1.slim.min.js
ns1.anaitea.com,Possible Cobalt Strike C2 Domain,/jquery.com/
ns1.aptce4.top,Possible Cobalt Strike C2 Domain,/fwlink
ns1.bogotatrade.co,Possible Cobalt Strike C2 Fronted Domain,/search/
ns1.bre1ce.top,Possible Cobalt Strike C2 Domain,/ptj
ns1.bustring.com,Possible Cobalt Strike C2 Domain,/baidu.com
ns1.bustring.com,Possible Cobalt Strike C2 Domain,/safebrowsing/QVXHQf/QVXHQfXdpinARC06MctcJ4hprcWoBIZaDp2-M
ns1.cdnmax.info,Possible Cobalt Strike C2 Domain,/load
ns1.centos-yum.xyz,Possible Cobalt Strike C2 Fronted Domain,/jquery-3.5.1.slim.min.js
ns1.chongfan1990.xyz,Possible Cobalt Strike C2 Domain,/updates
ns1.cnzzxx.top,Possible Cobalt Strike C2 Domain,/match
ns1.corpais900.co,Possible Cobalt Strike C2 Domain,/
ns1.criticallizard.com,Possible Cobalt Strike C2 Fronting Domain,/s/ref=nb_sb_noss_1/167-3294888-0262949/field-keywords=books
ns1.crnbchina.top,Possible Cobalt Strike C2 Domain,/jquery-3.3.1.min.js
ns1.ctfer.club,Possible Cobalt Strike C2 Domain,/__utm.gif
ns1.ddddmart.xyz,Possible Cobalt Strike C2 Domain,/api/v1
ns1.digitelela.com,Possible Cobalt Strike C2 Fronted Domain,/search/
ns1.dingtaIk.tk,Possible Cobalt Strike C2 Fronted Domain,/preload
ns1.dnehtb.cn,Possible Cobalt Strike C2 Domain,/admin/facvicon.jpg
ns1.fuckworldxxx.shop,Possible Cobalt Strike C2 Domain,/cx
ns1.fuckworldxxx.shop,Possible Cobalt Strike C2 Domain,/dpixel
ns1.getporsche.pl,Possible Cobalt Strike C2 Domain,/updates.rss
ns1.glthub.icu,Possible Cobalt Strike C2 Domain,/__utm.gif
ns1.gonamph.com,Possible Cobalt Strike C2 Domain,/s/ref=nb_sb_noss_1/167-3294888-026249/field-keywords=year
ns1.goporsche.de,Possible Cobalt Strike C2 Domain,/IE9CompatViewList.xml
ns1.gxyy77.xyz,Possible Cobalt Strike C2 Domain,/jquery-3.3.1.min.js
ns1.hammercdntech.com,Possible Cobalt Strike C2 Domain,/search
ns1.hanqianye.com,Possible Cobalt Strike C2 Fronted Domain,/jquery-3.4.1.min.js
ns1.hkappdev.com,Possible Cobalt Strike C2 Domain,/en_US/all.js
ns1.htl502.tech,Possible Cobalt Strike C2 Domain,/ga.js
ns1.icbcbc.com.cn,Possible Cobalt Strike C2 Domain,/static/js/jquery3.2.1.js
ns1.icbci.top,Possible Cobalt Strike C2 Domain,/jquery-3.3.1.min.js
ns1.imortal.icu,Possible Cobalt Strike C2 Domain,/search/
ns1.linkein.org,Possible Cobalt Strike C2 Domain,/wp06/wp-includes/po.php
ns1.m1crosoft.cloud,Possible Cobalt Strike C2 Domain,/jquery-3.3.1.min.js
ns1.metaethicsecurityltd.online,Possible Cobalt Strike C2 Domain,/en_US/all.js
ns1.microtimezone.com,Possible Cobalt Strike C2 Domain,/IE9CompatViewList.xml
ns1.micsoft.org,Possible Cobalt Strike C2 Domain,/jquery-3.3.1.min.js
ns1.mlcr0s0ft.one,Possible Cobalt Strike C2 Domain,/api/3
ns1.myazureonline.com,Possible Cobalt Strike C2 Domain,/fwlink
ns1.nateeka.com,Possible Cobalt Strike C2 Domain,/s/ref=nb_sb_noss_1/167-3294888-0262949/field-keywords=books
ns1.niggerasssys.com,Possible Cobalt Strike C2 Domain,/jquery-3.3.1.min.js
ns1.njzjamc.cloud,Possible Cobalt Strike C2 Domain,/updates
ns1.ossqianxin.co,Possible Cobalt Strike C2 Domain,/updates
ns1.peermanshuus.bio,Possible Cobalt Strike C2 Domain,/visit.js
ns1.pycharm-edu.us,Possible Cobalt Strike C2 Domain,/s/ref=nb_sb_noss_1/167-3294888-0262949/field-keywords=books
ns1.rememdam.xyz,Possible Cobalt Strike C2 Domain,/jquery-3.3.1.min.js
ns1.safesecuredns.co,Possible Cobalt Strike C2 Domain,/fd/ls/l
ns1.scant.online,Possible Cobalt Strike C2 Domain,/pixel
ns1.sfklla.vip,Possible Cobalt Strike C2 Domain,/cm
ns1.speech-microsoft.com,Possible Cobalt Strike C2 Domain,/fuckyouC2IntelFeedsBot.aspx
ns1.staticjs.xyz,Possible Cobalt Strike C2 Domain,/js/view/index.js
ns1.uswatchcorp.com,Possible Cobalt Strike C2 Fronted Domain,/search/
ns1.wp9.cc,Possible Cobalt Strike C2 Domain,/updates
ns1.xiaopeng111.com,Possible Cobalt Strike C2 Domain,/__utm.gif
ns1.xionoll.com,Possible Cobalt Strike C2 Domain,/s/ref=nb_sb_noss_1/167-3294888-026249/field-keywords=year
ns1.xn--mil-ixy.com,Possible Cobalt Strike C2 Domain,/c/msdownload/update/others/2016/12/29136388_
ns1.zengjunhe.top,Possible Cobalt Strike C2 Domain,/updates
ns2.007work.icu,Possible Cobalt Strike C2 Domain,/ca
ns2.007work.icu,Possible Cobalt Strike C2 Domain,/load
ns2.333ling.com,Possible Cobalt Strike C2 Domain,/ca
ns2.a1batr0ss.xyz,Possible Cobalt Strike C2 Domain,/pixel.gif
ns2.ace3.ru,Possible Cobalt Strike C2 Domain,/gmail/about/static-2.0/js/main.min.js
ns2.alidns1.tk,Possible Cobalt Strike C2 Domain,/logo.js
ns2.allegiancefithealth.com,Possible Cobalt Strike C2 Domain,/async/newtab_promos
ns2.amz-proxy.net,Possible Cobalt Strike C2 Fronted Domain,/jquery-3.5.1.slim.min.js
ns2.anaitea.com,Possible Cobalt Strike C2 Domain,/jquery.com/
ns2.aptce4.top,Possible Cobalt Strike C2 Domain,/dot.gif
ns2.bustring.com,Possible Cobalt Strike C2 Domain,/safebrowsing/QVXHQf/QVXHQfXdpinARC06MctcJ4hprcWoBIZaDp2-M
ns2.cdnmax.info,Possible Cobalt Strike C2 Domain,/pixel
ns2.centos-yum.xyz,Possible Cobalt Strike C2 Fronted Domain,/jquery-3.5.1.slim.min.js
ns2.chongfan1990.xyz,Possible Cobalt Strike C2 Domain,/updates
ns2.cnzzxx.top,Possible Cobalt Strike C2 Domain,/dot.gif
ns2.corpais900.co,Possible Cobalt Strike C2 Domain,/
ns2.crnbchina.top,Possible Cobalt Strike C2 Domain,/jquery-3.3.1.min.js
ns2.ctfer.club,Possible Cobalt Strike C2 Domain,/g.pixel
ns2.ddddmart.xyz,Possible Cobalt Strike C2 Domain,/api/v1
ns2.dingtaIk.tk,Possible Cobalt Strike C2 Fronted Domain,/preload
ns2.dnehtb.cn,Possible Cobalt Strike C2 Domain,/admin/facvicon.jpg
ns2.fuckworldxxx.shop,Possible Cobalt Strike C2 Domain,/cm
ns2.fuckworldxxx.shop,Possible Cobalt Strike C2 Domain,/j.ad
ns2.glthub.icu,Possible Cobalt Strike C2 Domain,/__utm.gif
ns2.gxyy77.xyz,Possible Cobalt Strike C2 Domain,/jquery-3.3.1.min.js
ns2.hkappdev.com,Possible Cobalt Strike C2 Domain,/IE9CompatViewList.xml
ns2.icbcbc.com.cn,Possible Cobalt Strike C2 Domain,/static/js/jquery3.2.1.js
ns2.icbci.top,Possible Cobalt Strike C2 Domain,/jquery-3.3.1.min.js
ns2.imortal.icu,Possible Cobalt Strike C2 Domain,/search/
ns2.m1crosoft.cloud,Possible Cobalt Strike C2 Domain,/jquery-3.3.1.min.js
ns2.mammothspoon.xyz,Possible Cobalt Strike C2 Domain,/en_US/all.js
ns2.metaethicsecurityltd.online,Possible Cobalt Strike C2 Domain,/dot.gif
ns2.microtimezone.com,Possible Cobalt Strike C2 Domain,/match
ns2.niggerasssys.com,Possible Cobalt Strike C2 Domain,/jquery-3.3.1.min.js
ns2.njzjamc.cloud,Possible Cobalt Strike C2 Domain,/updates
ns2.ossqianxin.co,Possible Cobalt Strike C2 Domain,/updates
ns2.peermanshuus.bio,Possible Cobalt Strike C2 Domain,/IE9CompatViewList.xml
ns2.rememdam.xyz,Possible Cobalt Strike C2 Domain,/jquery-3.3.1.min.js
ns2.rtsafetech.com,Possible Cobalt Strike C2 Domain,/search
ns2.safesecuredns.co,Possible Cobalt Strike C2 Domain,/fd/ls/l
ns2.scant.online,Possible Cobalt Strike C2 Domain,/pixel.gif
ns2.sfklla.vip,Possible Cobalt Strike C2 Domain,/fwlink
ns2.smartlinkcorp.net,Possible Cobalt Strike C2 Domain,/search
ns2.speech-microsoft.com,Possible Cobalt Strike C2 Domain,/fuckyouC2IntelFeedsBot.aspx
ns2.wp9.cc,Possible Cobalt Strike C2 Domain,/updates
ns2.xiaopeng111.com,Possible Cobalt Strike C2 Domain,/en_US/all.js
ns2.xn--mil-ixy.com,Possible Cobalt Strike C2 Domain,/c/msdownload/update/others/2016/12/29136388_
ns2.zengjunhe.top,Possible Cobalt Strike C2 Domain,/updates
ns3.007work.icu,Possible Cobalt Strike C2 Domain,/cm
ns3.ace3.ru,Possible Cobalt Strike C2 Domain,/gmail/about/static-2.0/js/main.min.js
ns3.aliyunapis.com,Possible Cobalt Strike C2 Domain,/static/js/jquery3.2.1.js
ns3.chongfan1990.xyz,Possible Cobalt Strike C2 Domain,/updates
ns3.ddddmart.xyz,Possible Cobalt Strike C2 Domain,/api/v1
ns3.fuckworldxxx.shop,Possible Cobalt Strike C2 Domain,/cx
ns3.fuckworldxxx.shop,Possible Cobalt Strike C2 Domain,/pixel
ns3.imortal.icu,Possible Cobalt Strike C2 Domain,/search/
ns3.kagotsurube.org,Possible Cobalt Strike C2 Domain,/jquery-3.3.1.min.js
ns3.m1crosoft.cloud,Possible Cobalt Strike C2 Domain,/jquery-3.3.1.min.js
ns3.michiganlocking.com,Possible Cobalt Strike C2 Domain,/css/jquery.min.js
ns3.njzjamc.cloud,Possible Cobalt Strike C2 Domain,/updates
ns3.ossqianxin.co,Possible Cobalt Strike C2 Domain,/updates
ns3.peermanshuus.bio,Possible Cobalt Strike C2 Domain,/ptj
ns3.sfklla.vip,Possible Cobalt Strike C2 Domain,/visit.js
ns3.xiaopeng111.com,Possible Cobalt Strike C2 Domain,/load
ns4.aliyunapis.com,Possible Cobalt Strike C2 Domain,/static/js/jquery3.2.1.js
ns4.digitelela.com,Possible Cobalt Strike C2 Domain,/search
ns4.kagotsurube.org,Possible Cobalt Strike C2 Domain,/jquery-3.3.1.min.js
ns4.michiganlocking.com,Possible Cobalt Strike C2 Domain,/css/jquery.min.js
ns4.sfklla.vip,Possible Cobalt Strike C2 Domain,/g.pixel
ns4.sfklla.vip,Possible Cobalt Strike C2 Domain,/match
ns5.starbucksvip.com,Possible Cobalt Strike C2 Domain,/static/mancard/img/qrcode_download_john.png
ns6.starbucksvip.com,Possible Cobalt Strike C2 Domain,/static/mancard/img/qrcode_download_john.png
ns98.0xgg.eu.org,Possible Cobalt Strike C2 Domain,/azure/api/v2/userinfo/get
ns99.0xgg.eu.org,Possible Cobalt Strike C2 Domain,/azure/api/v2/userinfo/get
ns_1.chanenergy.com,Possible Cobalt Strike C2 Domain,/c/msdownload/update/others/2022/03/29136388_
ns_2.chanenergy.com,Possible Cobalt Strike C2 Domain,/c/msdownload/update/others/2022/03/29136388_
nsa1.micrsoft.com.cn,Possible Cobalt Strike C2 Domain,/ga.js
nsa1.micrsoft.com.cn,Possible Cobalt Strike C2 Domain,/visit.js
nsa2.micrsoft.com.cn,Possible Cobalt Strike C2 Domain,/updates.rss
nsa2.micrsoft.com.cn,Possible Cobalt Strike C2 Domain,/visit.js
oa.cncb.info,Possible Cobalt Strike C2 Domain,/updates
oary.10086.cn,Possible Cobalt Strike C2 Fronting Domain,/static/js/21.4ba2507c.js
oeewbovon.gofunhome.buzz,Possible Cobalt Strike C2 Domain,/bootstrap/5.1.8/js/bootstrap.min.js
ok.ppctech.xyz,Possible Cobalt Strike C2 Domain,/api/info
one.cloudfleras.com,Possible Cobalt Strike C2 Domain,/msdownload/update/v3/static/trustedr/en/authrootstl.cab
online.microsoft-online.top,Possible Cobalt Strike C2 Domain,/api/3
osce12-0-sc.url.asiainfo-sec.com,Possible Cobalt Strike C2 Fronted Domain,/dist/css/bootstrap.min.css
oss-update.duckdns.org,Possible Cobalt Strike C2 Domain,/load
pak.update.nadra-pk.org,Possible Cobalt Strike C2 Domain,/ca
pass.dlsec.eu.org,Possible Cobalt Strike C2 Domain,/sugrec
payload.su,Possible Cobalt Strike C2 Fronted Domain,/s/ref=nb_sb_noss_1/167-3294888-0522950/field-keywords=books
pdf.freeonline-office.com,Possible Cobalt Strike C2 Domain,/signin
pic07.babytreeimg.com,Possible Cobalt Strike C2 Fronted Domain,/jquery-3.3.1.min.js
plenty.ecocampingplus.com,Possible Cobalt Strike C2 Domain,/activity
poceretu.co,Possible Cobalt Strike C2 Fronted Domain,/logo
polkbrothers.com,Possible Cobalt Strike C2 Domain,/design/query/9X5M3SOE0F
powellfamilydentist.com,Possible Cobalt Strike C2 Domain,/bg.js
ppt.freeonline-office.com,Possible Cobalt Strike C2 Domain,/signin
ppt.officeappsreviews.com,Possible Cobalt Strike C2 Domain,/lanche-334e58sfj4eeu7h4dd3sss32d
primary.dreamwellfarms.com,Possible Cobalt Strike C2 Domain,/j.ad
primerica.azureedge.net,Possible Cobalt Strike C2 Domain,/activity
pro.vendamaisimovel.com,Possible Cobalt Strike C2 Fronted Domain,/s/ref=nb_sb_noss_1/167-3294888-0262949/field-keywords=books
prod.ergonomic-survey.com,Possible Cobalt Strike C2 Domain,/jquery-3.3.1.min.js
profile.htl502.tech,Possible Cobalt Strike C2 Domain,/ca
pycharm-edu.us,Possible Cobalt Strike C2 Domain,/s/ref=nb_sb_noss_1/167-3294888-0262949/field-keywords=books
qaq.blog.happysec.cn,Possible Cobalt Strike C2 Fronting Domain,/info
qianxing.rocks,Possible Cobalt Strike C2 Domain,/api/3
qq.chenda.xyz,Possible Cobalt Strike C2 Domain,/jquery-3.3.1.min.js
qqns.asdasd33.info,Possible Cobalt Strike C2 Domain,/ga.js
qqns1.asdasd33.info,Possible Cobalt Strike C2 Domain,/IE9CompatViewList.xml
quasarincorporated.com,Possible Cobalt Strike C2 Domain,/groupcp
quasarincorporated.com,Possible Cobalt Strike C2 Domain,/html
quasarincorporated.com,Possible Cobalt Strike C2 Domain,/template
qw.dsvchost.com,Possible Cobalt Strike C2 Domain,/zh
qw.sortx2.com,Possible Cobalt Strike C2 Domain,/ml
qw.tackhostw.com,Possible Cobalt Strike C2 Domain,/ch
qw.vm3dservice.com,Possible Cobalt Strike C2 Domain,/RELEASE.html
rano.initiativeus.com,Possible Cobalt Strike C2 Domain,/gecko-002209d43095321-04009-29d082d
rano.outlookonlines.com,Possible Cobalt Strike C2 Domain,/web-sinf002209d30000022ii0921071812d
rechargetranscash.sytes.net,Possible Cobalt Strike C2 Domain,/push
recommendation.digihealthlocker.com,Possible Cobalt Strike C2 Domain,/j.ad
recover.healthcarecdn.com,Possible Cobalt Strike C2 Domain,/o/dVBxSwCHul2OKAe41CreIrOgSY
redteambp.tech,Possible Cobalt Strike C2 Domain,/__utm.gif
redteamone.tech,Possible Cobalt Strike C2 Domain,/__utm.gif
registry.aliyun-cs1.com,Possible Cobalt Strike C2 Domain,/s/ref=nb_sb_noss_1/167-3294888-0262949/field-keywords=books
res.mall.10010.cn,Possible Cobalt Strike C2 Fronted Domain,/static/js/21.4ba2507c.js
resysmon.net,Possible Cobalt Strike C2 Domain,/dev/coke/CQHL5IYQF
riot-uat-api-west.westus.cloudapp.azure.com,Possible Cobalt Strike C2 Domain,/fo.html
route.muenchner-finanzhilfe.workers.dev,Possible Cobalt Strike C2 Domain,/owa/
rt02-dns-rdir-lh-01.westeurope.cloudapp.azure.com,Possible Cobalt Strike C2 Domain,/get
rtlab-zeus.com,Possible PoshC2 Fronting Domain,/GoPro5/black/2018/
ru-3.myegov.eu,Possible Cobalt Strike C2 Domain,/showcaptcha
s3amzn.com,Possible Cobalt Strike C2 Domain,/jquery-3.3.1.min.js
sacs.dashuaibi.cf,Possible Cobalt Strike C2 Domain,/s/ref=nb_sb_noss_1/167-3294888-0262949/field-keywords=books
safe.safesecuredns.co,Possible Cobalt Strike C2 Domain,/fd/ls/l
salt.doctordanm.com,Possible Cobalt Strike C2 Domain,/j.ad
scervice.shop,Possible Cobalt Strike C2 Domain,/visit.js
search.scant.online,Possible Cobalt Strike C2 Domain,/ga.js
search.zhenai.com,Possible Cobalt Strike C2 Fronted Domain,/owa
secureservices.fun,Possible Cobalt Strike C2 Fronted Domain,/jp.css
seeusdt.com,Possible Cobalt Strike C2 Domain,/activity
server1.bre1ce.top,Possible Cobalt Strike C2 Domain,/fwlink
service-1cao6cjs-1312654103.gz.apigw.tencentcs.com,Possible Cobalt Strike C2 Domain,/admin/login
service-28avdqqq-1259337308.gz.apigw.tencentcs.com,Possible Cobalt Strike C2 Domain,/api/x
service-2r21z5dz-1258209792.bj.apigw.tencentcs.com,Possible Cobalt Strike C2 Domain,/api/getit
service-3uc3y0ao-1301310284.gz.apigw.tencentcs.com,Possible Cobalt Strike C2 Domain,/api/SpringG
service-4b1hpuo9-1305604765.sh.apigw.tencentcs.com,Possible Cobalt Strike C2 Domain,/api/check
service-4tr9xklk-1301910104.gz.apigw.tencentcs.com,Possible Cobalt Strike C2 Fronted Domain,/s/ref=nb_nb_noss_1/167-3294888-0262949/field-keywords=books
service-536yrr0s-1305465584.gz.apigw.tencentcs.com,Possible Cobalt Strike C2 Domain,/api/x
service-5f0kr3pg-1308639534.nj.apigw.tencentcs.com,Possible Cobalt Strike C2 Domain,/api/getit
service-5mxtmnpp-1301496742.sh.apigw.tencentcs.com,Possible Cobalt Strike C2 Domain,/api/x
service-5mxtmnpp-1301496742.sh.apigw.tencentcs.com,Possible Cobalt Strike C2 Domain,/g.pixel
service-6a4f07lw-1308639534.nj.apigw.tencentcs.com,Possible Cobalt Strike C2 Domain,/api/getit
service-6wso9e3t-1257357125.bj.apigw.tencentcs.com,Possible Cobalt Strike C2 Domain,/jquery-3.3.1.min.js
service-7d3qa3rc-1306912653.nj.apigw.tencentcs.com,Possible Cobalt Strike C2 Domain,/api/x
service-7hga0z7x-1259444062.sh.apigw.tencentcs.com,Possible Cobalt Strike C2 Domain,/api/x
service-7u28tmku-1309186631.gz.apigw.tencentcs.com,Possible Cobalt Strike C2 Domain,/api/x
service-80hlrkys-1257781941.jp.apigw.tencentcs.com,Possible Cobalt Strike C2 Domain,/updates.rss
service-907f2ttx-1318291330.sh.apigw.tencentcs.com,Possible Cobalt Strike C2 Domain,/js/lib/jquery-1-edb203c114.10.2.js
service-90jl66ki-1259711277.gz.apigw.tencentcs.com,Possible Cobalt Strike C2 Domain,/Del/v1.5/U3U9RKXU6
service-9op9r1ye-1306177445.gz.apigw.tencentcs.com,Possible Cobalt Strike C2 Domain,/api/user
service-a3q6cine-1318428097.gz.apigw.tencentcs.com,Possible Cobalt Strike C2 Domain,/api/user
service-asejzoh9-1252427727.bj.apigw.tencentcs.com,Possible Cobalt Strike C2 Domain,/api/x
service-buv6fchs-1305961616.gz.apigw.tencentcs.com,Possible Cobalt Strike C2 Domain,/api/getit
service-bvc0c0em-1309275416.nj.apigw.tencentcs.com,Possible Cobalt Strike C2 Domain,/api/x
service-dj3eqgq2-1316113086.gz.apigw.tencentcs.com,Possible Cobalt Strike C2 Domain,/Contact/v9.23/AODFY6X8UV
service-dlrbbup7-1309697666.bj.apigw.tencentcs.com,Possible Cobalt Strike C2 Domain,/api/x
service-eh2fyewb-1301153563.sh.apigw.tencentcs.com,Possible Cobalt Strike C2 Domain,/api/x
service-f19aq6v8-1300773162.gz.apigw.tencentcs.com,Possible Cobalt Strike C2 Domain,/api/GetWindowsTime
service-fcvuvti8-1258973287.gz.apigw.tencentcs.com,Possible Cobalt Strike C2 Domain,/api/getit
service-fq5k3hl2-1258128533.nj.apigw.tencentcs.com,Possible Cobalt Strike C2 Domain,/g.pixel
service-gcnqmcp3-1307217324.bj.apigw.tencentcs.com,Possible Cobalt Strike C2 Domain,/api/IsLogin
service-ggtktmzs-1257047345.gz.apigw.tencentcs.com,Possible Cobalt Strike C2 Domain,/api/x
service-goqpel8p-1313519678.sh.apigw.tencentcs.com,Possible Cobalt Strike C2 Domain,/admin/login
service-gt4aitdw-1252551592.gz.apigw.tencentcs.com,Possible Cobalt Strike C2 Domain,/api/getit
service-hs6w7s26-1317863896.gz.apigw.tencentcs.com,Possible Cobalt Strike C2 Domain,/api/getit
service-hzdiypvm-1318122919.gz.apigw.tencentcs.com,Possible Cobalt Strike C2 Domain,/api/x
service-i0k34aj0-1306743016.gz.apigw.tencentcs.com,Possible Cobalt Strike C2 Domain,/api/getit
service-ibovzlqe-1312654096.gz.apigw.tencentcs.com,Possible Cobalt Strike C2 Domain,/admin/login
service-iby8w5fq-1306407718.gz.apigw.tencentcs.com,Possible Cobalt Strike C2 Domain,/api/x
service-in1v1ia6-1256578115.gz.apigw.tencentcs.com,Possible Cobalt Strike C2 Domain,/api/getuser
service-ivfpu96s-1258596386.gz.apigw.tencentcs.com,Possible Cobalt Strike C2 Domain,/x/getit
service-j7rl21xg-1252551592.gz.apigw.tencentcs.com,Possible Cobalt Strike C2 Domain,/api/getit
service-j815x7l4-1302505002.gz.apigw.tencentcs.com,Possible Cobalt Strike C2 Domain,/api/getit
service-jcetme20-1314507962.nj.apigw.tencentcs.com,Possible Cobalt Strike C2 Domain,/dot.gif
service-jivrpccg-1258596386.gz.apigw.tencentcs.com,Possible Cobalt Strike C2 Domain,/x/getit
service-k6swyxf1-1258536377.cd.apigw.tencentcs.com,Possible Cobalt Strike C2 Domain,/api/x
service-kboespoo-1317138495.gz.apigw.tencentcs.com,Possible Cobalt Strike C2 Domain,/push
service-kiss7m2t-1305595184.bj.apigw.tencentcs.com,Possible Cobalt Strike C2 Domain,/www/handle/doc
service-kpy719kw-1252391081.gz.apigw.tencentcs.com,Possible Cobalt Strike C2 Domain,/cgi-bin/mmwebwx-bin/webwxgetcontact
service-ln38c3rd-1257826321.sh.apigw.tencentcs.com,Possible Cobalt Strike C2 Domain,/api/getit
service-lv7umt7y-1315090928.gz.apigw.tencentcs.com,Possible Cobalt Strike C2 Domain,/api/x
service-lxxw7ork-1301466801.gz.apigw.tencentcs.com,Possible Cobalt Strike C2 Domain,/IE9CompatViewList.xml
service-maoif4bl-1313584875.bj.apigw.tencentcs.com,Possible Cobalt Strike C2 Domain,/api/x
service-mewxt0rn-1251826339.sh.apigw.tencentcs.com,Possible Cobalt Strike C2 Domain,/api/getit
service-mitx0ap6-1308639534.nj.apigw.tencentcs.com,Possible Cobalt Strike C2 Domain,/api/getit
service-mtrar14d-1316554402.sh.apigw.tencentcs.com,Possible Cobalt Strike C2 Domain,/admin/login
service-n51jl7jj-1313008602.sh.apigw.tencentcs.com,Possible Cobalt Strike C2 Domain,/j.ad
service-o9r9h2tm-1259711277.gz.apigw.tencentcs.com,Possible Cobalt Strike C2 Domain,/jk-aging/bundle.js?v=20220517
service-ohpiv7vr-1310764774.bj.apigw.tencentcs.com,Possible Cobalt Strike C2 Domain,/api/x
service-plcnurt7-1300693486.bj.apigw.tencentcs.com,Possible Cobalt Strike C2 Domain,/api/x
service-pvg8218j-1259498982.sh.apigw.tencentcs.com,Possible Cobalt Strike C2 Domain,/api/x
service-pzmjnxrc-1306912653.nj.apigw.tencentcs.com,Possible Cobalt Strike C2 Domain,/api/x
service-qke82nt8-1301348154.gz.apigw.tencentcs.com,Possible Cobalt Strike C2 Domain,/api/getit
service-rb9ef747-1302014318.bj.apigw.tencentcs.com,Possible Cobalt Strike C2 Domain,/api/x
service-ryfvjv9l-1313169921.sh.apigw.tencentcs,Possible Cobalt Strike C2 Domain,/api/getit
services-us-texas-m-1.skytap.com,Possible Cobalt Strike C2 Domain,/j.ad
sinatxbaidu.oneneo.xyz,Possible Cobalt Strike C2 Domain,/api/3
skywalker.centralus.cloudapp.azure.com,Possible Cobalt Strike C2 Domain,/jquery-3.3.1.min.js
smss.svchost.co,Possible Cobalt Strike C2 Domain,/jquery-3.3.1.min.js
software.cncb.info,Possible Cobalt Strike C2 Domain,/updates
solutions.calibet.solutions,Possible Cobalt Strike C2 Fronted Domain,/api/x
southwest373-macquarie.online,Possible Cobalt Strike C2 Domain,/5a8b3c9d1/sig_ver
srvupdate.duckdns.org,Possible Cobalt Strike C2 Domain,/load
static.cgbchina.com.cn.cloud.360.net,Possible Cobalt Strike C2 Fronting Domain,/Display/chan/IB61I7MYA
static.cgbchina.com.cn.cloud.360.net.cdn.dnsv1.com.cn,Possible Cobalt Strike C2 Fronted Domain,/Display/chan/IB61I7MYA
staxonecommerce.com,Possible Cobalt Strike C2 Domain,/as.css
staxonecommerce.com,Possible Cobalt Strike C2 Domain,/fam_calendar
stop.lycanfinance.com,Possible Cobalt Strike C2 Domain,/j.ad
strategigears.com,Possible Cobalt Strike C2 Domain,/en/home/search
study.accesscam.org,Possible Cobalt Strike C2 Domain,/www/handle/doc
study.gleeze.com,Possible Cobalt Strike C2 Domain,/www/handle/doc
success.ehealthsimplified.com,Possible Cobalt Strike C2 Domain,/j.ad
support.azrue-mircosoft.com,Possible Cobalt Strike C2 Domain,/rs.html
support.npmstatic.com,Possible Cobalt Strike C2 Domain,/index.jsp
t1.allyun.info,Possible Cobalt Strike C2 Domain,/activity
t2.allyun.info,Possible Cobalt Strike C2 Domain,/ga.js
takaelot.com,Possible Cobalt Strike C2 Domain,/include/template/isx.php
tavositaru.co,Possible Cobalt Strike C2 Domain,/Multiply/v8.7/36MCFOMPE5F4
tcar.dnsrd.com,Possible Cobalt Strike C2 Domain,/Def/v4.21/C58XIA75S6
telegramexport.xyz,Possible Cobalt Strike C2 Domain,/dpixel
ternocorg.cf,Possible Cobalt Strike C2 Domain,/load
test.227api.com,Possible Cobalt Strike C2 Domain,/g.pixel
test.g-security.cn,Possible Cobalt Strike C2 Domain,/www/handle/doc
test.gxzf.site,Possible Cobalt Strike C2 Domain,/article/details
test.htl502.tech,Possible Cobalt Strike C2 Domain,/pixel
test.htl502.tech,Possible Cobalt Strike C2 Domain,/push
test.htl502.tech,Possible Cobalt Strike C2 Domain,/visit.js
test1.imortal.icu,Possible Cobalt Strike C2 Domain,/search/
test2.imortal.icu,Possible Cobalt Strike C2 Domain,/search/
test3.imortal.icu,Possible Cobalt Strike C2 Domain,/search/
testinfo.top,Possible Cobalt Strike C2 Domain,/activity
thursday.kfc4.icu,Possible Cobalt Strike C2 Domain,/0RZDKXR/ADGJJ4B3VRSPAV9KC3MXI80OFD.css
tiepanghu.xyz,Possible Cobalt Strike C2 Domain,/api/x
trust.hrtrust.net,Possible Cobalt Strike C2 Fronted Domain,/remove
tube.standof365.cf,Possible Cobalt Strike C2 Domain,/fwlink
tvchanel.org,Possible Cobalt Strike C2 Domain,/www/handle/doc
uhtincswa.cf,Possible Cobalt Strike C2 Domain,/visit.js
un.zxc.rocks,Possible Cobalt Strike C2 Domain,/load
update.aliyunupdate.work,Possible Cobalt Strike C2 Domain,/jquery-3.3.1.min.js
update.asiainfo-sec.com,Possible Cobalt Strike C2 Fronting Domain,/s/ref=nb_nb_noss_1/167-3294888-0262949/field-keywords=books
update.asiainfo-sec.com.cdn.dnsv1.com.cn,Possible Cobalt Strike C2 Fronted Domain,/s/ref=nb_nb_noss_1/167-3294888-0262949/field-keywords=books
update.microsoftapply.com,Possible Cobalt Strike C2 Domain,/dpixel
update.microsofthk.com,Possible Cobalt Strike C2 Domain,/updates.rss
update.microsoftkernel.com,Possible Cobalt Strike C2 Domain,/ca
updatelink.firefoxokt.top,Possible Cobalt Strike C2 Domain,/jquery-3.3.1.min.js
us-central1-noted-processor-340815.cloudfunctions.net,Possible Cobalt Strike C2 Domain,/proxy/en-us/store/api/checkproductinwishlist
usadevgroup.com,Possible Cobalt Strike C2 Domain,/as.css
usadevgroup.com,Possible Cobalt Strike C2 Domain,/ee.html
usadevgroup.com,Possible Cobalt Strike C2 Domain,/fam_calendar
usadevgroup.com,Possible Cobalt Strike C2 Domain,/fr
usadevgroup.com,Possible Cobalt Strike C2 Domain,/gv
usizevuru.biz,Possible Cobalt Strike C2 Fronted Domain,/favicon
v2ray1.mmsy.top,Possible Cobalt Strike C2 Domain,/jquery-3.3.1.min.js
v2ray2.mmsy.top,Possible Cobalt Strike C2 Domain,/jquery-3.3.1.min.js
vegavamyrni.dns.navy,Possible Cobalt Strike C2 Domain,/dot.gif
velmeded.com,Possible Cobalt Strike C2 Domain,/ptj
velmeded.com,Possible Cobalt Strike C2 Domain,/push
veriernano.com,Possible Cobalt Strike C2 Domain,/ga.js
verify.update.nadra-pk.org,Possible Cobalt Strike C2 Domain,/__utm.gif
vespetrolgroup.com,Possible Cobalt Strike C2 Domain,/ak
vespetrolgroup.com,Possible Cobalt Strike C2 Domain,/ba.html
vigorouseuclid.zscaler.skytapdns.com,Possible Cobalt Strike C2 Domain,/visit.js
vitagees.com,Possible Cobalt Strike C2 Domain,/design/query/9X5M3SOE0F
vpn.comchinantp.com,Possible Cobalt Strike C2 Domain,/ca
wbufrkbv.gofunhome.buzz,Possible Cobalt Strike C2 Domain,/bootstrap/5.1.8/js/bootstrap.min.js
webcopy.cloud,Possible Cobalt Strike C2 Domain,/__utm.gif
webcopy.cloud,Possible Cobalt Strike C2 Domain,/dot.gif
wps.cncb.info,Possible Cobalt Strike C2 Domain,/updates
www.16-fa.pw,Possible Cobalt Strike C2 Domain,/api/logout
www.16-fa.pw,Possible Cobalt Strike C2 Fronting Domain,/api/logout
www.360mon.cn,Possible Cobalt Strike C2 Fronted Domain,/Docs
www.51menke.com,Possible Cobalt Strike C2 Fronted Domain,/owa
www.ajzq.com,Possible Cobalt Strike C2 Fronted Domain,/info
www.appinn.com,Possible Cobalt Strike C2 Fronting Domain,/dist/css/bootstrap.min.css
www.atomscience.cn,Possible Cobalt Strike C2 Domain,/jquery-3.3.1.min.js
www.axxnxx.xyz,Possible Cobalt Strike C2 Domain,/api/3
www.blackknightfinancials.com,Possible Cobalt Strike C2 Domain,/process.jsp
www.certinstall.cc,Possible Cobalt Strike C2 Domain,/jquery-3.3.1.min.js
www.checkupdates50.com,Possible Cobalt Strike C2 Fronted Domain,/jquery-3.3.1.min.js
www.citcc.shop,Possible Cobalt Strike C2 Domain,/api/3
www.cjjt.com.cn,Possible Cobalt Strike C2 Fronted Domain,/info
www.csyml.cyou,Possible Cobalt Strike C2 Domain,/pixel
www.dangofil.xyz,Possible Cobalt Strike C2 Fronting Domain,/api/logout
www.dingtalk.com,Possible Cobalt Strike C2 Fronting Domain,/s3/fiji-static/_/CbirPanel@desktop.en.4307c8d994f7025d1b03bc7987dff5e0.js
www.dnehtb.cn,Possible Cobalt Strike C2 Domain,/admin/facvicon.jpg
www.docker-compose-update.com,Possible Cobalt Strike C2 Fronting Domain,/aaaaaaaaa
www.ggcsg.live,Possible Cobalt Strike C2 Domain,/api/3
www.guestwhoami.xyz,Possible Cobalt Strike C2 Domain,/jquery-3.3.1.min.js
www.happynewgamewx.xyz,Possible Cobalt Strike C2 Domain,/jquery-3.3.1.min.js
www.hkuspace.site,Possible Cobalt Strike C2 Domain,/jquery-3.4.2.min.js
www.icbci.top,Possible Cobalt Strike C2 Domain,/jquery-3.3.1.min.js
www.j-j-j.cn,Possible Cobalt Strike C2 Fronted Domain,/info
www.jntm.cn.com,Possible Cobalt Strike C2 Domain,/api/3
www.linkkedin.life,Possible Cobalt Strike C2 Domain,/jquery-3.3.1.min.js
www.micorsoft.live,Possible Cobalt Strike C2 Domain,/ga.js
www.micrcscft-store.com,Possible Cobalt Strike C2 Domain,/mg
www.microsofer.top,Possible Cobalt Strike C2 Domain,/image/
www.microsoft-info.org,Possible Cobalt Strike C2 Domain,/jquery-3.3.1.min.js
www.netuse1.eu.org,Possible Cobalt Strike C2 Domain,/sugrec
www.onlinedown.net,Possible Cobalt Strike C2 Fronted Domain,/owa
www.oracleup.cc,Possible Cobalt Strike C2 Domain,/g.pixel
www.pcsoft.com.cn,Possible Cobalt Strike C2 Fronted Domain,/owa
www.qaxnbyyds.shop,Possible Cobalt Strike C2 Domain,/api/x
www.sharksbaby.pro,Possible Cobalt Strike C2 Domain,/detect/v3.33/EZZF2Q31RFAY
www.strategigears.com,Possible Cobalt Strike C2 Domain,/en/home/search
www.taxinfoserv1ices.org,Possible Cobalt Strike C2 Fronting Domain,/api/v2/json/resources/modules/list
www.taxinfoservices.org,Possible Cobalt Strike C2 Fronted Domain,/api/v2/json/resources/modules/list
www.union-pay.vip,Possible Cobalt Strike C2 Domain,/static/skin/js/jquery-3.3.1.min.js
www.updategateway.com,Possible Cobalt Strike C2 Fronted Domain,/jquery-3.3.1.min.js
www.zuimeitianqi.com,Possible Cobalt Strike C2 Fronted Domain,/owa
www1.ceshi897.cn,Possible Cobalt Strike C2 Domain,/jquery-3.3.1.min.js
www2.ceshi897.cn,Possible Cobalt Strike C2 Domain,/jquery-3.3.1.min.js
www3.ceshi897.cn,Possible Cobalt Strike C2 Domain,/jquery-3.3.1.min.js
xianggepeach.f3322.net,Possible Cobalt Strike C2 Domain,/push
xls.freeonline-office.com,Possible Cobalt Strike C2 Domain,/signin
xoyukiveni.co,Possible Cobalt Strike C2 Fronted Domain,/cr.css
xytcdn.hongmengchuangke.com,Possible Cobalt Strike C2 Fronted Domain,/s3/fiji-static/_/CbirPanel@desktop.en.4307c8d994f7025d1b03bc7987dff5e0.js
yahoo.com.s3.bucket-amazon.com,Possible Cobalt Strike C2 Domain,/signin
ys.myhome.xin,Possible Cobalt Strike C2 Domain,/jquery-3.3.1.min.js
zenzero-hqa4hxebf8hjejhg.z01.azurefd.net,Possible Cobalt Strike C2 Domain,/fireprox/messages/KltrLdwRtIpbhvx9e1Oj4YmFpXk8KujT
zero.kdocs.cc,Possible Cobalt Strike C2 Domain,/api/3
zh-cn.imags.microsoft.com.w.kunlunca.com,Possible Cobalt Strike C2 Fronted Domain,/s/ref=nb_sb_noss_1/167-3294888-0262949/field-keywords=books
zh.servicesest.services,Possible Cobalt Strike C2 Domain,/visit.js
zjgsedu.fyi,Possible Cobalt Strike C2 Domain,/include/template/isx.php
zx.dsvchost.com,Possible Cobalt Strike C2 Domain,/temp
zx.sortx2.com,Possible Cobalt Strike C2 Domain,/ml
zx.tackhostw.com,Possible Cobalt Strike C2 Domain,/da
zx.vm3dservice.com,Possible Cobalt Strike C2 Domain,/RELEASE.html
