#domain,ioc,uri_path,ip
2b594.danamoninternal.com,Possible Cobalt Strike C2 Domain,/jquery-3.6.1.min.js,119.18.157.142
2b597.danamoninternal.com,Possible Cobalt Strike C2 Domain,/jquery-3.6.1.min.js,119.18.157.142
360.cn,Possible Cobalt Strike C2 Fronting Domain,/cr.css,23.108.57.45
360sec.cloud,Possible Cobalt Strike C2 Domain,/restapi/soa2/21881/json/gethotdestination,154.213.64.87
6.tcp.ngrok.io,Possible Cobalt Strike C2 Domain,/jquery-3.3.1.min.js,150.158.75.102
6pen.art,Possible Cobalt Strike C2 Fronted Domain,/toutiao/search,106.14.12.116
a.bwvwvwv.cf,Possible Cobalt Strike C2 Domain,/wp06/wp-includes/po.php,43.155.75.235
a.connectie-78d5566d11aea.nl,Possible Cobalt Strike C2 Domain,/58d84ae5-6a23-4b6a-9fe3-459fd28560c0/,37.97.162.219
a.kolunbia.com,Possible Cobalt Strike C2 Domain,/owa/KEWcLUqa3HMDW8EYqD0AIa3V,216.238.74.154
a.wvwvwv.tk,Possible Cobalt Strike C2 Domain,/wp08/wp-includes/dtcla.php,43.155.75.235
a.yuyancloud.asia,Possible Cobalt Strike C2 Domain,/dot.gif,62.234.12.42
aaa.ad4min.com,Possible Cobalt Strike C2 Domain,/dot.gif,198.13.42.85
acc.officeappsreviews.com,Possible Cobalt Strike C2 Domain,/lanche-334e58sfj4eeu7h4dd3sss32d,146.70.79.23
accessdevsolutions.com,Possible Cobalt Strike C2 Domain,/ku.js,194.50.153.20
accessinfonet.com,Possible Cobalt Strike C2 Domain,/an,178.33.187.132
accessinfonet.com,Possible Cobalt Strike C2 Domain,/an,194.50.153.24
accessinfonet.com,Possible Cobalt Strike C2 Domain,/favicon,178.33.187.132
accessinfonet.com,Possible Cobalt Strike C2 Domain,/favicon,194.50.153.24
admin.yuexiu.life,Possible Cobalt Strike C2 Domain,/api/info,107.173.251.222
adspirenetwork.com,Possible Cobalt Strike C2 Domain,/html.js,104.168.53.18
adspirenetwork.com,Possible Cobalt Strike C2 Domain,/html.js,194.50.153.115
adspirenetwork.com,Possible Cobalt Strike C2 Domain,/ku.js,104.168.53.18
adspirenetwork.com,Possible Cobalt Strike C2 Domain,/ku.js,194.50.153.115
ailbaba.shop,Possible Cobalt Strike C2 Domain,/preload,114.115.160.181
alisso-alisso-vbadupbpwk.cn-zhangjiakou.fcapp.run,Possible Cobalt Strike C2 Domain,/api/user,43.142.191.38
antegivi.com,Possible Cobalt Strike C2 Domain,/updates.rss,216.219.86.212
api.0nedriveup.com,Possible Cobalt Strike C2 Domain,/activity,47.75.108.68
api.mmmllkps.tk,Possible Cobalt Strike C2 Domain,/pixel,54.199.248.162
api.tanksw.top,Possible Cobalt Strike C2 Domain,/pixel.gif,198.199.90.49
api.tanksw.top,Possible Cobalt Strike C2 Domain,/pixel.gif,2604:a880:400:d0:0:0:1739:8001
api.upgrad3.cc,Possible Cobalt Strike C2 Domain,/cm,47.242.203.102
apiv4.unemployment-compensation.org,Possible Cobalt Strike C2 Domain,/ui,35.164.156.232
app.dbapp.xyz,Possible Cobalt Strike C2 Domain,/jquery-3.3.1.min.js,47.97.120.142
arpaa.ddns.net,Possible Cobalt Strike C2 Domain,/cm,119.148.49.49
arpaa.ddns.net,Possible Cobalt Strike C2 Domain,/updates.rss,119.148.49.49
artwest35-dgeygpfqhxgqdeap.z01.azurefd.net,Possible Cobalt Strike C2 Domain,/common/oauth2/v2.0/authorize,3.124.182.176
as.dsvchost.com,Possible Cobalt Strike C2 Domain,/zh,5.188.87.47
as.sortx2.com,Possible Cobalt Strike C2 Domain,/ml,46.161.27.133
ask.healthgurues.com,Possible Cobalt Strike C2 Domain,/j.ad,18.212.64.222
auth.webapi-telegram.com,Possible Cobalt Strike C2 Domain,/msdownload/update/v3/static/trustedr/ru/authrootstl.cab,185.105.1.233
auto-gpt.pw,Possible Cobalt Strike C2 Domain,/Apply/smilies/SG4M1OMMSWBU,47.236.24.0
auto.safariupdate.net,Possible Cobalt Strike C2 Domain,/api/v4/zones/entitlements,43.245.199.163
baidu.com,Possible Cobalt Strike C2 Domain,/jquery-3.3.1.min.js,101.43.156.246
baidu.hao012.tk,Possible Cobalt Strike C2 Domain,/updates.rss,139.224.189.177
baidu.moonsir.cf,Possible Cobalt Strike C2 Domain,/wp08/wp-includes/dtcla.php,150.158.13.117
bell.dyndns-server.com,Possible Cobalt Strike C2 Domain,/en_US/all.js,102.117.160.163
bell.dyndns-server.com,Possible Cobalt Strike C2 Domain,/en_US/all.js,102.117.169.88
bell.dyndns-server.com,Possible Cobalt Strike C2 Domain,/en_US/all.js,102.117.174.159
bell.dyndns-server.com,Possible Cobalt Strike C2 Domain,/push,102.117.169.88
bell.dyndns-server.com,Possible Cobalt Strike C2 Domain,/push,102.117.174.159
bell.dyndns-server.com,Possible Cobalt Strike C2 Fronted Domain,/jquery-3.3.2.min.woff2,102.117.172.229
bia.msoffice2.com,Possible Cobalt Strike C2 Domain,/poll,157.245.74.45
bia.msoffice2.com,Possible Cobalt Strike C2 Domain,/poll,178.62.216.199
bia.msoffice2.com,Possible Cobalt Strike C2 Fronting Domain,/poll,157.245.74.45
bia.msoffice2.com,Possible Cobalt Strike C2 Fronting Domain,/poll,178.62.216.199
biabkp.msoffice2.com,Possible Cobalt Strike C2 Fronted Domain,/poll,157.245.74.45
biabkp.msoffice2.com,Possible Cobalt Strike C2 Fronted Domain,/poll,178.62.216.199
bid.skhystec.com,Possible Cobalt Strike C2 Domain,/gmail/about/static-2.0/js/main.min.js,195.133.53.144
bingobangobongobishbashbosh.xyz,Possible Cobalt Strike C2 Domain,/ki.js,45.66.151.195
binsmob.com,Possible Cobalt Strike C2 Domain,/pixel.gif,31.44.184.74
biubiu.qgodaxin.tk,Possible Cobalt Strike C2 Domain,/maps/overlaybfpr,47.109.79.81
bjb.msoffice2.com,Possible Cobalt Strike C2 Domain,/poll,206.189.107.207
bjb.msoffice2.com,Possible Cobalt Strike C2 Domain,/poll,64.225.68.252
bjb.msoffice2.com,Possible Cobalt Strike C2 Fronting Domain,/poll,206.189.107.207
bjb.msoffice2.com,Possible Cobalt Strike C2 Fronting Domain,/poll,64.225.68.252
bjbbkp.msoffice2.com,Possible Cobalt Strike C2 Fronted Domain,/poll,206.189.107.207
bjbbkp.msoffice2.com,Possible Cobalt Strike C2 Fronted Domain,/poll,64.225.68.252
bks.loginke.xyz,Possible Cobalt Strike C2 Domain,/js/main.js,117.50.163.113
block.health-degree.com,Possible Cobalt Strike C2 Domain,/j.ad,54.145.9.123
blt.msoffice2.com,Possible Cobalt Strike C2 Domain,/poll,134.122.59.61
blt.msoffice2.com,Possible Cobalt Strike C2 Domain,/poll,161.35.155.87
blt.msoffice2.com,Possible Cobalt Strike C2 Fronting Domain,/poll,134.122.59.61
blt.msoffice2.com,Possible Cobalt Strike C2 Fronting Domain,/poll,161.35.155.87
bltbkp.msoffice2.com,Possible Cobalt Strike C2 Fronted Domain,/poll,134.122.59.61
bltbkp.msoffice2.com,Possible Cobalt Strike C2 Fronted Domain,/poll,161.35.155.87
bopever.co,Possible Cobalt Strike C2 Domain,/Kill/message/SLZ5D6LY,23.106.215.237
buzubolup.online,Possible Cobalt Strike C2 Domain,/make/corporate/CCX0XBFKBTIP,2.58.15.233
c1.haopangnie.top,Possible Cobalt Strike C2 Domain,/visit.js,121.40.147.169
c1.unirorm.xyz,Possible Cobalt Strike C2 Domain,/dot.gif,124.220.29.161
c2.haopangnie.top,Possible Cobalt Strike C2 Domain,/__utm.gif,121.40.147.169
c2.ststjst.shop,Possible Cobalt Strike C2 Domain,/jquery-3.3.1.min.js,43.159.38.188
c2c.updatenews.me,Possible Cobalt Strike C2 Domain,/activity,101.43.64.17
c2c.updatenews.me,Possible Cobalt Strike C2 Domain,/cx,101.43.64.17
c2c.updatenews.me,Possible Cobalt Strike C2 Domain,/match,101.43.64.17
c2listx.beauty,Possible Cobalt Strike C2 Domain,/api/3,110.81.153.75
c3.haopangnie.top,Possible Cobalt Strike C2 Domain,/pixel,121.40.147.169
c_2_s.flash-cn.top,Possible Cobalt Strike C2 Domain,/cgi-bin/v3.do,134.122.190.146
c_2_s.flash-cn.top,Possible Cobalt Strike C2 Domain,/cgi-bin/v3.do,134.122.190.167
c_2_s.flash-cn.top,Possible Cobalt Strike C2 Domain,/cgi-bin/v3.do,143.92.36.12
c_2_s.flash-cn.top,Possible Cobalt Strike C2 Domain,/cgi-bin/v3.do,143.92.36.23
c_2_s.flash-cn.top,Possible Cobalt Strike C2 Domain,/cgi-bin/v3.do,143.92.36.48
canadiancrafting.azureedge.net,Possible Cobalt Strike C2 Domain,/jquery-3.3.1.min.js,20.51.248.5
cancel.soupandselfcare.com,Possible Cobalt Strike C2 Domain,/dpixel,18.212.255.134
card.starbucks.com.s3.bucket-amazon.com,Possible Cobalt Strike C2 Domain,/signin,193.187.173.137
cas.opposrv.top,Possible Cobalt Strike C2 Domain,/js/jquery-3.4.1.min.js,101.35.47.120
cdn.ad-tracker.org,Possible Cobalt Strike C2 Fronted Domain,/preload,20.190.42.122
cdn.adobe-research.net,Possible Cobalt Strike C2 Fronted Domain,/preload,20.190.42.122
cdn.avprotect.net,Possible Cobalt Strike C2 Fronted Domain,/preload,20.190.42.122
cdn.azureeservices.co.uk,Possible Cobalt Strike C2 Domain,/__utm.gif,98.71.232.223
cdn.cdndbapp.top,Possible Cobalt Strike C2 Domain,/jquery-3.3.1.min.js,116.62.180.202
cdn.cdndbapp.top,Possible Cobalt Strike C2 Domain,/jquery-3.3.1.min.js,47.111.99.111
cdn.dns-response.net,Possible Cobalt Strike C2 Fronted Domain,/preload,20.190.42.122
cdn.dnsportal.org,Possible Cobalt Strike C2 Fronted Domain,/preload,20.190.42.122
cdn.efstech.de,Possible Cobalt Strike C2 Domain,/adstats/v1c,213.61.251.56
cdn.ethvseos.nl,Possible Cobalt Strike C2 Domain,/image/,179.43.142.52
cdn.ethvseos.nl,Possible Cobalt Strike C2 Domain,/image/,179.43.155.235
cdn.idnslookup.net,Possible Cobalt Strike C2 Fronted Domain,/preload,20.190.42.122
cdn.microsoft-hk.com,Possible Cobalt Strike C2 Domain,/CloudGraph/Collection/v1,124.220.19.234
cdn.softproxyapi.com,Possible Cobalt Strike C2 Domain,/client/v4/zones,45.152.115.128
cdn.suiteb.io,Possible Cobalt Strike C2 Domain,/__utm.gif,45.76.125.214
cdn.update.microsoft.com,Possible Cobalt Strike C2 Fronting Domain,/api/x,121.4.237.161
cdn.update.microsoft.com.w.kunluncan.com,Possible Cobalt Strike C2 Fronted Domain,/api/x,121.4.237.161
cdn.whereismyip.cf,Possible Cobalt Strike C2 Domain,/push,107.172.206.242
cdn2.whereismyip.cf,Possible Cobalt Strike C2 Domain,/en_US/all.js,107.172.206.242
cerpotionfe.com,Possible Cobalt Strike C2 Domain,/design/query/9X5M3SOE0F,46.21.153.175
cetixsystems.com,Possible Cobalt Strike C2 Domain,/fo.html,194.50.153.108
check.htl502.tech,Possible Cobalt Strike C2 Domain,/ca,101.43.165.220
check.judicical.ml,Possible Cobalt Strike C2 Domain,/jquery-3.3.1.min.js,45.145.228.117
check1.judicical.ml,Possible Cobalt Strike C2 Domain,/jquery-3.3.1.min.js,45.145.228.117
chidao.icu,Possible Cobalt Strike C2 Domain,/image/,43.133.32.97
chinaratings.getsec.cc,Possible Cobalt Strike C2 Domain,/activity,43.135.155.35
cins.hin7lostvas.pro,Possible Cobalt Strike C2 Domain,/groupcp.css,103.57.228.100
cins.hin7lostvas.pro,Possible Cobalt Strike C2 Domain,/groupcp.css,103.57.228.101
cins.hin7lostvas.pro,Possible Cobalt Strike C2 Domain,/groupcp.css,103.57.228.102
cins.hin7lostvas.pro,Possible Cobalt Strike C2 Domain,/groupcp.css,103.57.228.98
cins.hin7lostvas.pro,Possible Cobalt Strike C2 Domain,/groupcp.css,103.57.228.99
cityoall.com,Possible Cobalt Strike C2 Domain,/g.pixel,104.223.121.37
cityoall.com,Possible Cobalt Strike C2 Domain,/j.ad,104.223.121.37
cloudflare.net,Possible Cobalt Strike C2 Fronted Domain,/ptj,49.13.56.4
cloudflear.cf,Possible Cobalt Strike C2 Domain,/api/3,101.35.4.152
cloudupdateservice.online,Possible Cobalt Strike C2 Fronted Domain,/c/msdownload/update/others/2020/10/29136388_,193.42.32.143
cobaltstrike1877.duckdns.org,Possible Cobalt Strike C2 Domain,/visit.js,45.81.235.69
code.jquery.com,Possible Cobalt Strike C2 Fronting Domain,/jquery-3.3.1.min.js,64.176.37.64
code.jquery.com,Possible Cobalt Strike C2 Fronting Domain,/jquery-3.4.1.min.js,192.144.198.126
code.jquery.com,Possible Cobalt Strike C2 Fronting Domain,/jquery-3.5.1.slim.min.js,139.180.144.171
code.jquery.com,Possible Cobalt Strike C2 Fronting Domain,/jquery-3.5.1.slim.min.js,167.179.84.218
company1.ccb.com,Possible Cobalt Strike C2 Fronting Domain,/jquery-3.3.1.min.js,118.195.181.106
company1.ccb.com.dsa.dnsv1.com.cn,Possible Cobalt Strike C2 Fronted Domain,/jquery-3.3.1.min.js,118.195.181.106
comvest.azureedge.net,Possible Cobalt Strike C2 Domain,/cx,18.205.163.231
configupdate.com,Possible Cobalt Strike C2 Domain,/ku.js,194.50.153.19
confrue.z1m3s.xyz,Possible Cobalt Strike C2 Domain,/_/scs/mail-static/_/js/,124.223.10.136
consumer-img.huawei.com,Possible Cobalt Strike C2 Fronted Domain,/lib/v2/wcp-consent.js,112.74.184.37
contact.mwam.support,Possible Cobalt Strike C2 Domain,/messages/C0527B0NM,18.184.17.94
content.microsoft.com,Possible Cobalt Strike C2 Fronting Domain,/ca,8.140.135.23
content.microsoft.com.w.kunlunca.com,Possible Cobalt Strike C2 Fronted Domain,/ca,8.140.135.23
core-win-up.global.ssl.fastly.net,Possible Cobalt Strike C2 Domain,/pixel,162.19.68.68
creditcheck.ppdai.com,Possible Cobalt Strike C2 Fronted Domain,/audiencemanager.js,120.79.64.164
cs.125nmlx-op125.top,Possible Cobalt Strike C2 Domain,/dot.gif,38.54.33.188
cs.125nmlx-op125.top,Possible Cobalt Strike C2 Domain,/push,38.54.33.188
cs.aazurenet.xyz,Possible Cobalt Strike C2 Domain,/updates,47.107.36.89
cs.p0dan.site,Possible Cobalt Strike C2 Domain,/async/ddljson,192.144.231.244
cs.wsxqaz.top,Possible Cobalt Strike C2 Domain,/jquery-3.3.1.min.js,114.115.184.15
cs45.gamesmetaa.com,Possible Cobalt Strike C2 Domain,/__utm.gif,185.212.56.193
cscscscscs.imalloc.cn,Possible Cobalt Strike C2 Domain,/api/3,60.188.56.136
d11lqfjylv7hzs.cloudfront.net,Possible Cobalt Strike C2 Domain,/s/ref=nb_sb_noss_1/167-3294888-0262949/field-keywords=books,52.220.77.124
d1672414.azureedge.net,Possible Cobalt Strike C2 Domain,/rn,165.22.10.64
d1am0nd.ddns.net,Possible Cobalt Strike C2 Domain,/pixel,194.135.17.31
d1m383qkjwdfx0.cloudfront.net,Possible Cobalt Strike C2 Domain,/s/ref=nb_sb_noss_1/167-3294888-026249/field-keywords=year,34.235.195.209
d1n3g6gayr311x.cloudfront.net,Possible Cobalt Strike C2 Domain,/html,43.206.63.126
d2nc4vdebby89a.cloudfront.net,Possible Cobalt Strike C2 Domain,/s/ref=nb_sb_noss_1/167-3294888-0262949/field-keywords=books,52.0.77.64
d3c0hjeoqmryl5.cloudfront.net,Possible Cobalt Strike C2 Domain,/safebrowsing/8q98pYJ/V16gfsYQQuKzweZW4ysIJrtWB-h,137.184.237.252
d3o8tsrpl5k6yb.cloudfront.net,Possible Cobalt Strike C2 Domain,/safebrowsing/8q98pYJ/V16gfsYQQuKzweZW4ysIJrtWB-h,137.184.237.252
d3p90sjeu6rqrl.cloudfront.net,Possible Cobalt Strike C2 Fronting Domain,/s/ref=nb_sb_noss_1/167-3294888-0262949/field-keywords=books,3.226.91.217
d3so0g2pxg0u5a.cloudfront.net,Possible Cobalt Strike C2 Domain,/safebrowsing/8q98pYJ/V16gfsYQQuKzweZW4ysIJrtWB-h,137.184.237.252
d4zy82lzfuvln.cloudfront.net,Possible Cobalt Strike C2 Fronted Domain,/s/ref=nb_sb_noss_1/167-3294888-0262949/field-keywords=books,3.226.91.217
da.fulim.top,Possible Cobalt Strike C2 Domain,/push,111.230.242.129
dangofil.xyz,Possible Cobalt Strike C2 Fronted Domain,/api/logout,39.101.1.147
dash.cloudflareo.info,Possible Cobalt Strike C2 Domain,/us/ky/louisville/312-s-fourth-st.html,45.92.158.220
dash.congluanz.net,Possible Cobalt Strike C2 Domain,/jquery-3.3.1.min.js,38.54.30.59
data.dnslive.top,Possible Cobalt Strike C2 Domain,/j.ad,198.44.169.19
data.microsoft-cloud-upload.com,Possible Cobalt Strike C2 Domain,/functionalStatus/TqKwawSVfLIhmsolAo7M2TzcQ8,123.60.84.194
datacloudprocessing.com,Possible Cobalt Strike C2 Domain,/extension,104.168.59.11
datacloudprocessing.com,Possible Cobalt Strike C2 Domain,/extension,194.50.153.114
datacloudprocessing.com,Possible Cobalt Strike C2 Domain,/ny.css,104.168.59.11
datacloudprocessing.com,Possible Cobalt Strike C2 Domain,/ny.css,194.50.153.114
daxiong.doraemon.homes,Possible Cobalt Strike C2 Domain,/zOMGAPT,146.70.149.196
dentaldev.azureedge.net,Possible Cobalt Strike C2 Domain,/query.xml,3.137.214.117
des.download.windowsupdate.com,Possible Cobalt Strike C2 Fronting Domain,/owa,114.115.220.3
dev01.kagotsurube.org,Possible Cobalt Strike C2 Domain,/jquery-3.3.1.min.js,198.211.58.80
dev02.kagotsurube.org,Possible Cobalt Strike C2 Domain,/jquery-3.3.1.min.js,198.211.58.80
developersolutions.org,Possible Cobalt Strike C2 Domain,/template.js,194.50.153.117
dg.gdga.org.cn,Possible Cobalt Strike C2 Domain,/update/,1.15.139.215
dg.gdga.org.cn,Possible Cobalt Strike C2 Domain,/update/,124.220.32.134
dianqi1.dianqi2.jiayongdianqi.xyz,Possible Cobalt Strike C2 Domain,/home/,45.135.118.251
dianqi1.jiayongdianqi.xyz,Possible Cobalt Strike C2 Domain,/home/,45.135.118.251
dianqi2.dianqi1.jiayongdianqi.xyz,Possible Cobalt Strike C2 Domain,/home/,45.135.118.251
dianqi2.jiayongdianqi.xyz,Possible Cobalt Strike C2 Domain,/home/,45.135.118.251
digital.yesky.com,Possible Cobalt Strike C2 Fronted Domain,/owa,114.115.220.3
dn4d1v1ofq2j1.cloudfront.net,Possible Cobalt Strike C2 Domain,/s/ref=nb_sb_noss_1/167-3294888-0262949/field-keywords=books,54.236.154.41
dns.antegivi.com,Possible Cobalt Strike C2 Domain,/pixel,216.219.86.212
dns.azurelive-dns.com,Possible Cobalt Strike C2 Fronted Domain,/jquery-3.3.1.min.js,64.176.37.64
dns.binsmob.com,Possible Cobalt Strike C2 Domain,/pixel,31.44.184.74
dns.checkavail.space,Possible Cobalt Strike C2 Domain,/maps/overlaybfpr,191.101.44.35
dns.chenda.xyz,Possible Cobalt Strike C2 Domain,/jquery-3.3.1.min.js,43.136.40.179
dns.cityoall.com,Possible Cobalt Strike C2 Domain,/g.pixel,104.223.121.37
dns.cityoall.com,Possible Cobalt Strike C2 Domain,/j.ad,104.223.121.37
dns.creditcarsca.com,Possible Cobalt Strike C2 Domain,/jquery-3.3.1.min.js,37.221.66.13
dns.djn.blue,Possible Cobalt Strike C2 Domain,/api,138.197.167.52
dns.forcorpor.com,Possible Cobalt Strike C2 Domain,/j.ad,31.44.184.73
dns.greypsecurity.training,Possible Cobalt Strike C2 Domain,/search/,54.149.61.80
dns.incididunt.com,Possible Cobalt Strike C2 Domain,/push,103.114.163.107
dns.ns1.akingump.cloud,Possible Cobalt Strike C2 Domain,/fwlink,100.26.145.203
dns.velmeded.com,Possible Cobalt Strike C2 Domain,/push,31.44.184.88
dns.veriernano.com,Possible Cobalt Strike C2 Domain,/push,31.44.184.63
dns1.plngan.co,Possible Cobalt Strike C2 Domain,/api/getit,1.12.243.112
dnsproxy.blueseaedu.com,Possible Cobalt Strike C2 Domain,/maps/overlaybfpf,185.74.222.16
dnsswag.djn.blue,Possible Cobalt Strike C2 Domain,/search,159.203.60.8
doc.bluework.ink,Possible Cobalt Strike C2 Domain,/jquery-3.3.1.min.js,159.75.187.222
doc.bluework.ink,Possible Cobalt Strike C2 Domain,/jquery-3.3.1.min.js,8.218.129.91
doc.freeonline-office.com,Possible Cobalt Strike C2 Domain,/signin,195.123.225.85
documentation.azureedge.net,Possible Cobalt Strike C2 Domain,/s/ref=nb_sb_noss_1/167-3294888-0262949/field-keywords=books,149.28.186.74
domeal.com,Possible PoshC2 Domain,/web/20110920084728/,13.239.135.152
download.baidumusic.cloud,Possible Cobalt Strike C2 Domain,/api/broadcast/index,222.186.168.244
download.windowsupdate.com,Possible Cobalt Strike C2 Fronting Domain,/c/msdownload/update/others/2020/10/29136388_,193.42.32.143
drewgriess.com,Possible Cobalt Strike C2 Domain,/__utm.gif,18.224.165.207
dropper.bilibili360.xyz,Possible Cobalt Strike C2 Domain,/cm,121.5.128.191
dt.localtoast.co.za,Possible Cobalt Strike C2 Domain,/api/get.php,137.184.25.81
e.dnslogs.eu.org,Possible Cobalt Strike C2 Domain,/visit.js,124.222.14.232
edg.mdstech.com.tw,Possible Cobalt Strike C2 Domain,/fd/ls/,166.1.18.100
edusupport.microsoft.com,Possible Cobalt Strike C2 Fronting Domain,/lib/v2/wcp-consent.js,112.74.184.37
er.sky.florist,Possible Cobalt Strike C2 Domain,/load,88.214.26.100
exchanges1.microsoftser.top,Possible Cobalt Strike C2 Domain,/rp/1hGciYbPE6ALKVPnmrkw4Pko3GI.br.js,181.214.39.102
exchanges2.microsoftser.top,Possible Cobalt Strike C2 Domain,/rp/1hGciYbPE6ALKVPnmrkw4Pko3GI.br.js,181.214.39.102
exl.officeappsreviews.com,Possible Cobalt Strike C2 Domain,/lanche-334e58sfj4eeu7h4dd3sss32d,146.70.79.23
fashion4everyone.biz,Possible Cobalt Strike C2 Domain,/Disable/fileadmin/GC2W8LORKCTB,146.70.161.20
fastly.dotnet6.zip.global.prod.fastly.net,Possible Cobalt Strike C2 Domain,/api/g/,122.248.208.73
file.kolunbia.com,Possible Cobalt Strike C2 Domain,/owa/BIzYK6YEu70ADGkJwUC4OcGQl,216.238.74.154
file.spotify.com.s3.bucket-amazon.com,Possible Cobalt Strike C2 Domain,/signin,193.187.173.137
fj.crland.com.cn,Possible Cobalt Strike C2 Fronting Domain,/audiencemanager.js,39.100.75.193
fms.myftp.org,Possible Cobalt Strike C2 Fronted Domain,/s/ref=nb_sb_noss_1/167-3294888-0262949/field-keywords=books,103.138.22.165
forcorpor.com,Possible Cobalt Strike C2 Domain,/fwlink,31.44.184.73
github.com,Possible Cobalt Strike C2 Fronting Domain,/jp.css,62.233.57.213
give.acemindtechnology.com,Possible Cobalt Strike C2 Domain,/j.ad,44.202.2.233
gold.ccb.com,Possible Cobalt Strike C2 Fronting Domain,/jquery-3.3.1.min.js,124.220.58.136
gold.ccb.com.dsa.dnsv1.com.cn,Possible Cobalt Strike C2 Fronted Domain,/jquery-3.3.1.min.js,124.220.58.136
google.com,Possible Cobalt Strike C2 Fronting Domain,/modcp.css,23.108.57.187
google.ru,Possible Cobalt Strike C2 Fronting Domain,/eso.html,172.93.201.58
groupline.org,Possible Cobalt Strike C2 Domain,/bg,104.223.118.115
groupline.org,Possible Cobalt Strike C2 Domain,/bg,194.50.153.11
groupline.org,Possible Cobalt Strike C2 Domain,/faq,104.223.118.115
groupline.org,Possible Cobalt Strike C2 Domain,/faq,194.50.153.11
guest.grovedentalpractice.com,Possible Cobalt Strike C2 Domain,/j.ad,18.116.33.255
hack.mchotspring.press,Possible Cobalt Strike C2 Domain,/updates.rss,140.237.86.189
help.npmstatic.com,Possible Cobalt Strike C2 Domain,/page.jsp,54.91.23.205
hepinghealth365.top,Possible Cobalt Strike C2 Domain,/index.html,107.173.83.62
home-hsf2czcghwhjg7fh.z01.azurefd.net,Possible Cobalt Strike C2 Domain,/safebrowsing/DHqqMeMVF/texiwSXseouE6OkkfIr9fm6,143.110.182.158
home.firefoxchina.cn,Possible Cobalt Strike C2 Fronted Domain,/audiencemanager.js,39.100.75.193
home.yangguifeiyahoo.shop,Possible Cobalt Strike C2 Domain,/image/,93.179.127.146
hommyyy-hjbggphhf5bnfmhu.z01.azurefd.net,Possible Cobalt Strike C2 Domain,/safebrowsing/oAX7UR/hCvS3syeaHpeu3IgZr7FUN,139.59.28.209
hufoxapom.us,Possible Cobalt Strike C2 Domain,/calculate/v3.3/9AIEC05QK8H8,104.238.35.74
hunanshengweibajgongshi.site,Possible Cobalt Strike C2 Domain,/api/3,139.196.47.225
huo96.icu,Possible Cobalt Strike C2 Domain,/__utm.gif,46.29.161.12
huvoyofib.org,Possible Cobalt Strike C2 Fronted Domain,/eso.html,172.93.201.58
iane.initiativeus.com,Possible Cobalt Strike C2 Domain,/gecko-002209d43095321-04009-29d082d,23.106.122.69
iane.outlookonlines.com,Possible Cobalt Strike C2 Domain,/web-sinf002209d30000022ii0921071812d,172.105.192.139
image.toutiao.com,Possible Cobalt Strike C2 Fronting Domain,/toutiao/search,106.14.12.116
imap.hopto.org,Possible Cobalt Strike C2 Domain,/www/handle/docs,206.189.139.142
incididunt.com,Possible Cobalt Strike C2 Domain,/cm,103.114.163.107
independent.vittoriocas137.workers.dev,Possible Cobalt Strike C2 Domain,/poll,185.234.114.92
independent.vittoriocas137.workers.dev,Possible Cobalt Strike C2 Domain,/poll,193.233.232.230
info.bookworld-langchao.work,Possible Cobalt Strike C2 Domain,/jquery.js,82.157.145.234
info.gtjas.site,Possible Cobalt Strike C2 Domain,/functionalStatus/TqKwawSVfLIhmsolAo7M2TzcQ8,123.60.89.125
instagram.com,Possible Cobalt Strike C2 Fronting Domain,/RELEASE_NOTES.html,172.93.181.174
io.cy789.ml,Possible Cobalt Strike C2 Fronting Domain,/broadcast,42.193.252.92
jahayakoj.info,Possible Cobalt Strike C2 Fronted Domain,/dz,23.106.215.194
jahayakoj.info,Possible Cobalt Strike C2 Fronted Domain,/mk,23.106.215.194
jdklove.top,Possible Cobalt Strike C2 Domain,/improve/v7.98/F60H46TG,139.162.74.42
jdklove.top,Possible Cobalt Strike C2 Domain,/improve/v7.98/F60H46TG,152.32.145.237
jkda0aska11.freemyip.com,Possible Cobalt Strike C2 Domain,/jquery-3.3.1.min.js,46.29.160.43
jquery.elf33ferr.eu.org,Possible Cobalt Strike C2 Domain,/jquery-3.3.1.min.js,84.21.171.174
jquery.etalafer.eu.org,Possible Cobalt Strike C2 Domain,/en_US/all.js,194.163.163.50
js.msedgeupdate.com,Possible Cobalt Strike C2 Domain,/pixel,8.212.44.149
js.msedgeupdate.com,Possible Cobalt Strike C2 Domain,/pixel,8.212.49.116
jt.tnnd.ml,Possible Cobalt Strike C2 Domain,/xmlconnect.html,47.93.51.191
k.mo4.xyz,Possible Cobalt Strike C2 Domain,/upset/v8.46/6P3ZMHTM,158.247.221.28
kihurij.com,Possible Cobalt Strike C2 Domain,/Demo/Internet/FT2F740QMYJ,157.254.194.77
kufufeyu.org,Possible Cobalt Strike C2 Fronted Domain,/RELEASE_NOTES.html,172.93.181.174
l.wps.pics,Possible Cobalt Strike C2 Domain,/www/handle/doc,116.205.232.186
lecture.liveritehealthcare.com,Possible Cobalt Strike C2 Domain,/j.ad,52.90.87.208
leno.initiativeus.com,Possible Cobalt Strike C2 Domain,/gecko-002209d43095321-04009-29d082d,23.106.122.69
leno.outlookonlines.com,Possible Cobalt Strike C2 Domain,/web-sinf002209d30000022ii0921071812d,172.105.192.139
license.itekgroup.com,Possible Cobalt Strike C2 Domain,/poll,185.234.114.92
license.itekgroup.com,Possible Cobalt Strike C2 Domain,/poll,193.233.232.230
license.itekgroup.com,Possible Cobalt Strike C2 Domain,/poll,51.222.196.75
license.werewolves.su,Possible Cobalt Strike C2 Domain,/poll,51.222.196.75
lijiang.yunnan.cn,Possible Cobalt Strike C2 Fronted Domain,/owa,114.115.220.3
linkpop.com.s3.bucket-amazon.com,Possible Cobalt Strike C2 Domain,/signin,193.187.173.137
log.lihaimaoyi.com,Possible Cobalt Strike C2 Domain,/api/3,101.35.198.64
log.speech-microsoft.com,Possible Cobalt Strike C2 Domain,/c/msdownload/update/others/2017/12/29132a9e7a0e9a9e2,206.237.30.76
login.webapi-telegram.com,Possible Cobalt Strike C2 Domain,/msdownload/update/v3/static/trustedr/ru/authrootstl.cab,185.105.1.233
logs.speech-microsoft.com,Possible Cobalt Strike C2 Domain,/c/msdownload/update/others/2017/12/29132a9e7a0e9a9e2,206.237.30.76
lumsguttenberg.com,Possible Cobalt Strike C2 Domain,/design/query/9X5M3SOE0F,193.239.85.12
lumswestnewyork.com,Possible Cobalt Strike C2 Domain,/design/query/9X5M3SOE0F,193.239.85.24
lxnft.org,Possible Cobalt Strike C2 Domain,/maps/overlaybfpr,203.25.119.216
lzcs.iplinkedlists.tk,Possible Cobalt Strike C2 Domain,/getapi,139.9.142.162
m.qq.com,Possible Cobalt Strike C2 Fronting Domain,/cgi-bin/mmwebwx-bin/webwxgetcontact,175.27.223.111
m7py7pju95.execute-api.us-east-1.amazonaws.com,Possible Cobalt Strike C2 Domain,/api/en-us/p/book-2/8MCPZJJCC98C,146.190.212.94
mahamaya1ifesciences.com,Possible Cobalt Strike C2 Fronting Domain,/metro91/admin/1/ppptp.jpg,146.70.161.20
mail.cncb.info,Possible Cobalt Strike C2 Domain,/updates,54.199.86.237
mail.freeonline-office.com,Possible Cobalt Strike C2 Domain,/signin,195.123.225.85
mail.maschinenbau-iutz.de,Possible Cobalt Strike C2 Domain,/ca,18.193.48.7
mecezom.biz,Possible Cobalt Strike C2 Fronted Domain,/modcp.css,23.108.57.187
megacorp.pw,Possible Cobalt Strike C2 Fronting Domain,/ptj,49.13.56.4
mgty274.app,Possible Cobalt Strike C2 Fronted Domain,/broadcast,42.193.252.92
miao.xiaogoubi.top,Possible Cobalt Strike C2 Domain,/idle/1376547834/1,125.128.113.108
microsoft-support.zapto.org,Possible PoshC2 Domain,/work/embedded/search/,62.182.159.155
microsoftservice.ml,Possible Cobalt Strike C2 Domain,/owa/,185.80.202.72
midasusme.uk,Possible Cobalt Strike C2 Domain,/cm,185.183.94.24
midasusme.uk,Possible Cobalt Strike C2 Domain,/visit.js,185.183.94.24
mobile.opposrv.top,Possible Cobalt Strike C2 Domain,/js/jquery-3.4.1.min.js,101.35.47.120
mpls.myvnc.com,Possible Cobalt Strike C2 Fronted Domain,/s/ref=nb_sb_noss_1/167-3294888-0262949/field-keywords=books,103.138.22.165
msdwn.herokuapp.com,Possible Cobalt Strike C2 Domain,/jquery-3.3.1.min.js,47.87.137.200
msedgesupport.azureedge.net,Possible Cobalt Strike C2 Domain,/jquery-3.3.1.min.js,20.51.234.154
mx.weixin3.bond,Possible Cobalt Strike C2 Domain,/c/msdownload/update/others/2022/10/29136388_,43.138.66.231
mycustomos-sa.com,Possible Cobalt Strike C2 Domain,/en/home/search,147.182.229.244
n1.yahu360.space,Possible Cobalt Strike C2 Domain,/pixel,75.127.13.201
nameless.life,Possible Cobalt Strike C2 Domain,/IE9CompatViewList.xml,64.176.168.94
nbnj.xyz,Possible Cobalt Strike C2 Domain,/wp08/wp-includes/dtcla.php,118.195.134.30
nc1.mlcr0s0ft.one,Possible Cobalt Strike C2 Domain,/api/3,45.32.253.112
network.drivespacenet.com,Possible Cobalt Strike C2 Domain,/www/handle/doc,143.92.39.125
newstatisc.googleinfo.se,Possible Cobalt Strike C2 Domain,/pixel.gif,8.212.44.149
newstatisc.googleinfo.se,Possible Cobalt Strike C2 Domain,/pixel.gif,8.212.49.116
niuliang.xyz,Possible Cobalt Strike C2 Fronted Domain,/hao123/haofa.js,38.47.221.99
njohsp.gov,Possible Cobalt Strike C2 Fronting Domain,/remove,52.70.254.144
nn.gxyy77.xyz,Possible Cobalt Strike C2 Domain,/jquery-3.3.1.min.js,23.224.90.150
note.jianshu.com,Possible Cobalt Strike C2 Fronting Domain,/azure/api/v2/userinfo/get,39.107.250.164
note.jianshu.com.wsdvs.com,Possible Cobalt Strike C2 Fronted Domain,/azure/api/v2/userinfo/get,39.107.250.164
note1.mcuweb.cf,Possible Cobalt Strike C2 Domain,/jquery-3.6.0.min.js,185.163.45.156
note2.mcuweb.cf,Possible Cobalt Strike C2 Domain,/jquery-3.6.0.min.js,185.163.45.156
note3.mcuweb.cf,Possible Cobalt Strike C2 Domain,/jquery-3.6.0.min.js,185.163.45.156
notmalware.red-wizard-demo-01.nl,Possible Cobalt Strike C2 Domain,/718acd1d-f3aa-4848-860a-c077e2c59189/,85.10.134.79
ns.checkavail.space,Possible Cobalt Strike C2 Domain,/maps/overlaybfpr,191.101.44.35
ns.chinare.cf,Possible Cobalt Strike C2 Domain,/poll,129.150.43.163
ns.googlearth.top,Possible Cobalt Strike C2 Domain,/image/,43.154.27.211
ns.killbaidu.cn,Possible Cobalt Strike C2 Domain,/activity,119.13.90.176
ns.msazure.dnsrd.com,Possible Cobalt Strike C2 Domain,/Windows,193.178.210.203
ns1.007work.icu,Possible Cobalt Strike C2 Domain,/ca,116.205.140.54
ns1.007work.icu,Possible Cobalt Strike C2 Domain,/cm,104.238.151.17
ns1.a1batr0ss.xyz,Possible Cobalt Strike C2 Domain,/pixel.gif,124.223.83.171
ns1.ace3.ru,Possible Cobalt Strike C2 Domain,/gmail/about/static-2.0/js/main.min.js,195.133.53.144
ns1.akingump.cloud,Possible Cobalt Strike C2 Domain,/IE9CompatViewList.xml,100.26.145.203
ns1.allegiancefithealth.com,Possible Cobalt Strike C2 Domain,/async/newtab_promos,52.229.108.220
ns1.amz-proxy.net,Possible Cobalt Strike C2 Fronted Domain,/jquery-3.5.1.slim.min.js,139.180.144.171
ns1.anaitea.com,Possible Cobalt Strike C2 Domain,/jquery.com/,154.196.13.153
ns1.aptce4.top,Possible Cobalt Strike C2 Domain,/updates.rss,23.94.240.64
ns1.baidu12366.xyz,Possible Cobalt Strike C2 Domain,/jquery-3.3.1.min.js,121.5.167.18
ns1.bogotatrade.co,Possible Cobalt Strike C2 Fronted Domain,/search/,23.105.210.39
ns1.bookworld-langchao.work,Possible Cobalt Strike C2 Fronted Domain,/jquery.js,82.157.145.234
ns1.bre1ce.top,Possible Cobalt Strike C2 Domain,/ptj,155.94.170.73
ns1.bustring.com,Possible Cobalt Strike C2 Domain,/baidu.com,154.196.13.135
ns1.bustring.com,Possible Cobalt Strike C2 Domain,/safebrowsing/QVXHQf/QVXHQfXdpinARC06MctcJ4hprcWoBIZaDp2-M,45.81.128.183
ns1.cdnmax.info,Possible Cobalt Strike C2 Domain,/load,64.176.35.130
ns1.centos-yum.xyz,Possible Cobalt Strike C2 Fronted Domain,/jquery-3.5.1.slim.min.js,167.179.84.218
ns1.chongfan1990.xyz,Possible Cobalt Strike C2 Domain,/updates,54.199.86.237
ns1.cnzzxx.top,Possible Cobalt Strike C2 Domain,/match,120.46.211.40
ns1.corpais900.co,Possible Cobalt Strike C2 Domain,/,45.136.255.189
ns1.crnbchina.top,Possible Cobalt Strike C2 Domain,/jquery-3.3.1.min.js,47.242.37.176
ns1.ctfer.club,Possible Cobalt Strike C2 Domain,/__utm.gif,101.34.23.227
ns1.ddddmart.xyz,Possible Cobalt Strike C2 Domain,/api/v1,43.142.60.73
ns1.digitelela.com,Possible Cobalt Strike C2 Fronted Domain,/search/,104.238.153.140
ns1.dingtaIk.tk,Possible Cobalt Strike C2 Fronted Domain,/preload,47.94.43.210
ns1.dnehtb.cn,Possible Cobalt Strike C2 Domain,/admin/facvicon.jpg,139.155.145.128
ns1.dnslive.top,Possible Cobalt Strike C2 Domain,/dpixel,198.44.169.19
ns1.evadino.com,Possible Cobalt Strike C2 Domain,/s/ref=nb_sb_noss_1/167-3294888-0262949/field-keywords=books,52.0.77.64
ns1.fuckworldxxx.shop,Possible Cobalt Strike C2 Domain,/pixel,123.207.51.53
ns1.gcloud-api.com,Possible Cobalt Strike C2 Domain,/updates.rss,91.215.85.166
ns1.getporsche.pl,Possible Cobalt Strike C2 Domain,/updates.rss,154.26.154.154
ns1.goporsche.de,Possible Cobalt Strike C2 Domain,/jquery.com/,185.155.96.178
ns1.gxyy77.xyz,Possible Cobalt Strike C2 Domain,/jquery-3.3.1.min.js,23.224.90.150
ns1.hanqianye.com,Possible Cobalt Strike C2 Fronted Domain,/jquery-3.4.1.min.js,192.144.198.126
ns1.htl502.tech,Possible Cobalt Strike C2 Domain,/ga.js,101.43.165.220
ns1.icbcbc.com.cn,Possible Cobalt Strike C2 Domain,/static/js/jquery-3.3.1.min.js,101.37.31.211
ns1.mdstech.com.tw,Possible Cobalt Strike C2 Domain,/fd/ls/,166.1.18.100
ns1.metaethicsecurityltd.online,Possible Cobalt Strike C2 Domain,/en_US/all.js,13.48.136.133
ns1.microtimezone.com,Possible Cobalt Strike C2 Domain,/IE9CompatViewList.xml,66.29.131.147
ns1.micsoft.org,Possible Cobalt Strike C2 Domain,/Compose/donations/0J21NRPWR,45.32.103.195
ns1.mlcr0s0ft.one,Possible Cobalt Strike C2 Domain,/api/3,45.32.253.112
ns1.niggerasssys.com,Possible Cobalt Strike C2 Domain,/jquery-3.3.1.min.js,167.179.114.165
ns1.ossqianxin.co,Possible Cobalt Strike C2 Domain,/updates,204.236.138.252
ns1.paaszoo.tk,Possible Cobalt Strike C2 Domain,/en_US/all.js,107.172.206.242
ns1.proxyservice.shop,Possible Cobalt Strike C2 Domain,/jquery-3.3.1.min.js,124.221.58.61
ns1.pycharm-edu.us,Possible Cobalt Strike C2 Domain,/s/ref=nb_sb_noss_1/167-3294888-0262949/field-keywords=books,119.91.31.246
ns1.safesecuredns.co,Possible Cobalt Strike C2 Domain,/fd/ls/l,153.92.5.225
ns1.scongog.com,Possible Cobalt Strike C2 Domain,/s/ref=nb_sb_noss_1/167-3294888-0262949/field-keywords=books,3.226.91.217
ns1.sfklla.vip,Possible Cobalt Strike C2 Domain,/cm,101.89.202.252
ns1.sgcc.zip,Possible Cobalt Strike C2 Domain,/jquery-3.3.1.min.js,140.99.19.231
ns1.speech-microsoft.com,Possible Cobalt Strike C2 Domain,/fuckyouC2IntelFeedsBot.aspx,156.241.132.32
ns1.staticjs.xyz,Possible Cobalt Strike C2 Domain,/js/view/index.js,111.230.26.9
ns1.tosohindia.cloudns.nz,Possible Cobalt Strike C2 Domain,/jquery-3.3.1.min.js,94.131.113.34
ns1.tosohindiacdn.cloudns.ph,Possible Cobalt Strike C2 Domain,/jquery-3.3.1.min.js,45.140.146.74
ns1.wp9.cc,Possible Cobalt Strike C2 Domain,/updates,103.173.154.214
ns1.wsusmicrsotf2012.com,Possible Cobalt Strike C2 Domain,/en_US/all.js,139.59.252.173
ns1.xiaopeng111.com,Possible Cobalt Strike C2 Domain,/__utm.gif,101.91.154.125
ns1.xionoll.com,Possible Cobalt Strike C2 Domain,/s/ref=nb_sb_noss_1/167-3294888-026249/field-keywords=year,34.235.195.209
ns1.xn--mil-ixy.com,Possible Cobalt Strike C2 Domain,/c/msdownload/update/others/2016/12/29136388_,185.158.94.217
ns2.007work.icu,Possible Cobalt Strike C2 Domain,/ca,116.205.140.54
ns2.007work.icu,Possible Cobalt Strike C2 Domain,/load,104.238.151.17
ns2.a1batr0ss.xyz,Possible Cobalt Strike C2 Domain,/pixel.gif,124.223.83.171
ns2.ace3.ru,Possible Cobalt Strike C2 Domain,/gmail/about/static-2.0/js/main.min.js,195.133.53.144
ns2.allegiancefithealth.com,Possible Cobalt Strike C2 Domain,/async/newtab_promos,52.229.108.220
ns2.amz-proxy.net,Possible Cobalt Strike C2 Fronted Domain,/jquery-3.5.1.slim.min.js,139.180.144.171
ns2.anaitea.com,Possible Cobalt Strike C2 Domain,/jquery.com/,154.196.13.153
ns2.aptce4.top,Possible Cobalt Strike C2 Domain,/match,23.94.240.64
ns2.bustring.com,Possible Cobalt Strike C2 Domain,/safebrowsing/QVXHQf/QVXHQfXdpinARC06MctcJ4hprcWoBIZaDp2-M,45.81.128.183
ns2.cdnmax.info,Possible Cobalt Strike C2 Domain,/pixel,64.176.35.130
ns2.centos-yum.xyz,Possible Cobalt Strike C2 Fronted Domain,/jquery-3.5.1.slim.min.js,167.179.84.218
ns2.chongfan1990.xyz,Possible Cobalt Strike C2 Domain,/updates,54.199.86.237
ns2.cnzzxx.top,Possible Cobalt Strike C2 Domain,/dot.gif,120.46.211.40
ns2.corpais900.co,Possible Cobalt Strike C2 Domain,/,45.136.255.189
ns2.crnbchina.top,Possible Cobalt Strike C2 Domain,/jquery-3.3.1.min.js,47.242.37.176
ns2.ctfer.club,Possible Cobalt Strike C2 Domain,/g.pixel,101.34.23.227
ns2.ddddmart.xyz,Possible Cobalt Strike C2 Domain,/api/v1,43.142.60.73
ns2.dingtaIk.tk,Possible Cobalt Strike C2 Fronted Domain,/preload,47.94.43.210
ns2.dnehtb.cn,Possible Cobalt Strike C2 Domain,/admin/facvicon.jpg,139.155.145.128
ns2.dnslive.top,Possible Cobalt Strike C2 Domain,/ptj,198.44.169.19
ns2.fuckworldxxx.shop,Possible Cobalt Strike C2 Domain,/push,123.207.51.53
ns2.gxyy77.xyz,Possible Cobalt Strike C2 Domain,/jquery-3.3.1.min.js,23.224.90.150
ns2.icbcbc.com.cn,Possible Cobalt Strike C2 Domain,/static/js/jquery-3.3.1.min.js,101.37.31.211
ns2.mammothspoon.xyz,Possible Cobalt Strike C2 Domain,/en_US/all.js,123.56.75.209
ns2.mdstech.com.tw,Possible Cobalt Strike C2 Domain,/fd/ls/,166.1.18.100
ns2.metaethicsecurityltd.online,Possible Cobalt Strike C2 Domain,/dot.gif,13.48.136.133
ns2.microtimezone.com,Possible Cobalt Strike C2 Domain,/match,66.29.131.147
ns2.niggerasssys.com,Possible Cobalt Strike C2 Domain,/jquery-3.3.1.min.js,167.179.114.165
ns2.ossqianxin.co,Possible Cobalt Strike C2 Domain,/updates,204.236.138.252
ns2.paaszoo.tk,Possible Cobalt Strike C2 Domain,/j.ad,107.172.206.242
ns2.safesecuredns.co,Possible Cobalt Strike C2 Domain,/fd/ls/l,153.92.5.225
ns2.sfklla.vip,Possible Cobalt Strike C2 Domain,/fwlink,101.89.202.252
ns2.sgcc.zip,Possible Cobalt Strike C2 Domain,/jquery-3.3.1.min.js,140.99.19.231
ns2.smartlinkcorp.net,Possible Cobalt Strike C2 Domain,/search,216.238.85.128
ns2.speech-microsoft.com,Possible Cobalt Strike C2 Domain,/fuckyouC2IntelFeedsBot.aspx,156.241.132.32
ns2.wp9.cc,Possible Cobalt Strike C2 Domain,/updates,103.173.154.214
ns2.xiaopeng111.com,Possible Cobalt Strike C2 Domain,/en_US/all.js,101.91.154.125
ns2.xn--mil-ixy.com,Possible Cobalt Strike C2 Domain,/c/msdownload/update/others/2016/12/29136388_,185.158.94.217
ns3.007work.icu,Possible Cobalt Strike C2 Domain,/cm,104.238.151.17
ns3.007work.icu,Possible Cobalt Strike C2 Domain,/cm,116.205.140.54
ns3.ace3.ru,Possible Cobalt Strike C2 Domain,/gmail/about/static-2.0/js/main.min.js,195.133.53.144
ns3.chongfan1990.xyz,Possible Cobalt Strike C2 Domain,/updates,54.199.86.237
ns3.ddddmart.xyz,Possible Cobalt Strike C2 Domain,/api/v1,43.142.60.73
ns3.fuckworldxxx.shop,Possible Cobalt Strike C2 Domain,/activity,123.207.51.53
ns3.icbcbc.com.cn,Possible Cobalt Strike C2 Domain,/api/v1/heartbeat,101.200.79.222
ns3.michiganlocking.com,Possible Cobalt Strike C2 Domain,/css/jquery.min.js,193.36.119.209
ns3.ossqianxin.co,Possible Cobalt Strike C2 Domain,/updates,204.236.138.252
ns3.sfklla.vip,Possible Cobalt Strike C2 Domain,/visit.js,101.89.202.252
ns3.sgcc.zip,Possible Cobalt Strike C2 Domain,/jquery-3.3.1.min.js,140.99.19.231
ns3.xiaopeng111.com,Possible Cobalt Strike C2 Domain,/load,101.91.154.125
ns4.digitelela.com,Possible Cobalt Strike C2 Domain,/search,64.176.7.118
ns4.icbcbc.com.cn,Possible Cobalt Strike C2 Domain,/api/v1/heartbeat,101.200.79.222
ns4.michiganlocking.com,Possible Cobalt Strike C2 Domain,/css/jquery.min.js,193.36.119.209
ns4.sfklla.vip,Possible Cobalt Strike C2 Domain,/g.pixel,101.89.202.252
ns4.sfklla.vip,Possible Cobalt Strike C2 Domain,/match,101.89.202.252
ns5.starbucksvip.com,Possible Cobalt Strike C2 Domain,/static/mancard/img/qrcode_download_john.png,101.132.253.6
ns6.starbucksvip.com,Possible Cobalt Strike C2 Domain,/static/mancard/img/qrcode_download_john.png,101.132.253.6
ns8.x7z.mom,Possible Cobalt Strike C2 Domain,/fwlink,199.195.251.219
nsa1.micrsoft.com.cn,Possible Cobalt Strike C2 Domain,/ga.js,103.39.78.166
nsa1.micrsoft.com.cn,Possible Cobalt Strike C2 Domain,/visit.js,103.39.78.208
nsa2.micrsoft.com.cn,Possible Cobalt Strike C2 Domain,/updates.rss,103.39.78.166
nsa2.micrsoft.com.cn,Possible Cobalt Strike C2 Domain,/visit.js,103.39.78.208
ntlm.duckdns.org,Possible Cobalt Strike C2 Domain,/XEVendor,185.149.146.15
ntlm.duckdns.org,Possible Cobalt Strike C2 Domain,/XEVendor,95.214.11.213
o.wps.pics,Possible Cobalt Strike C2 Domain,/www/handle/doc,116.205.232.186
oa.cncb.info,Possible Cobalt Strike C2 Domain,/updates,54.199.86.237
oary.10086.cn,Possible Cobalt Strike C2 Fronting Domain,/static/js/21.4ba2507c.js,39.105.107.87
office365.outlook.live.com,Possible Cobalt Strike C2 Fronting Domain,/preload,47.94.43.210
ok.ppctech.xyz,Possible Cobalt Strike C2 Domain,/admin/info,107.175.111.199
oldredtoolbox.com.global.prod.fastly.net,Possible Cobalt Strike C2 Domain,/IE9CompatViewList.xml,34.220.153.113
one.cloudfleras.com,Possible Cobalt Strike C2 Domain,/msdownload/update/v3/static/trustedr/en/authrootstl.cab,104.200.67.121
one.cloudfleras.com,Possible Cobalt Strike C2 Domain,/msdownload/update/v3/static/trustedr/en/authrootstl.cab,195.133.23.90
onedrive.live.com,Possible Cobalt Strike C2 Fronting Domain,/preload,139.9.219.217
onedrive.live.com,Possible Cobalt Strike C2 Fronting Domain,/preload,20.190.42.122
online.microsoft-online.top,Possible Cobalt Strike C2 Domain,/api/3,123.249.104.83
oob.plazar.xyz,Possible Cobalt Strike C2 Domain,/__utm.gif,51.68.174.80
op1.tiktocek.net,Possible Cobalt Strike C2 Domain,/cx,216.238.73.189
op2.tiktocek.net,Possible Cobalt Strike C2 Domain,/fwlink,216.238.73.189
outlook.maschinenbau-iutz.de,Possible Cobalt Strike C2 Domain,/dpixel,18.193.48.7
pay.unionpayinte.com,Possible Cobalt Strike C2 Domain,/jquerys-6.3.5.max.js,39.100.69.48
pay.unionpayinte.com,Possible Cobalt Strike C2 Domain,/jquerys-6.3.5.max.js,47.92.27.53
paypal.com,Possible Cobalt Strike C2 Fronting Domain,/dz,23.106.215.194
paypal.com,Possible Cobalt Strike C2 Fronting Domain,/mk,23.106.215.194
pdf.freeonline-office.com,Possible Cobalt Strike C2 Domain,/signin,195.123.225.85
peace.winexmarkets11.com,Possible Cobalt Strike C2 Domain,/j.ad,54.226.51.227
plazar.xyz,Possible Cobalt Strike C2 Domain,/__utm.gif,51.68.174.80
plenty.ecocampingplus.com,Possible Cobalt Strike C2 Domain,/activity,3.221.16.19
polkbrothers.com,Possible Cobalt Strike C2 Domain,/design/query/9X5M3SOE0F,46.21.153.142
ppt.freeonline-office.com,Possible Cobalt Strike C2 Domain,/signin,195.123.225.85
ppt.officeappsreviews.com,Possible Cobalt Strike C2 Domain,/lanche-334e58sfj4eeu7h4dd3sss32d,146.70.79.23
prepayersolutions.com,Possible Cobalt Strike C2 Domain,/bg.html,104.168.70.101
prepayersolutions.com,Possible Cobalt Strike C2 Domain,/bg.html,194.50.153.78
prepayersolutions.com,Possible Cobalt Strike C2 Domain,/fam_calendar.html,104.168.70.101
prepayersolutions.com,Possible Cobalt Strike C2 Domain,/fam_calendar.html,194.50.153.78
primerica.azureedge.net,Possible Cobalt Strike C2 Domain,/activity,167.99.239.248
pro.vendamaisimovel.com,Possible Cobalt Strike C2 Fronted Domain,/s/ref=nb_sb_noss_1/167-3294888-0262949/field-keywords=books,201.95.96.120
prod.ergonomic-survey.com,Possible Cobalt Strike C2 Domain,/jquery-3.3.1.min.js,3.237.41.66
profile.htl502.tech,Possible Cobalt Strike C2 Domain,/ca,101.43.165.220
publish-partner.nabtrade.com.au,Possible Cobalt Strike C2 Fronted Domain,/activity,45.32.241.231
pycharm-edu.us,Possible Cobalt Strike C2 Domain,/s/ref=nb_sb_noss_1/167-3294888-0262949/field-keywords=books,119.91.31.246
qianxing.rocks,Possible Cobalt Strike C2 Domain,/api/3,47.243.104.189
qq.chenda.xyz,Possible Cobalt Strike C2 Domain,/jquery-3.3.1.min.js,106.55.180.110
qq.chenda.xyz,Possible Cobalt Strike C2 Domain,/jquery-3.3.1.min.js,111.230.194.172
quasarincorporated.com,Possible Cobalt Strike C2 Domain,/groupcp,192.3.76.38
quasarincorporated.com,Possible Cobalt Strike C2 Domain,/groupcp,194.50.153.37
quasarincorporated.com,Possible Cobalt Strike C2 Domain,/html,192.3.76.38
quasarincorporated.com,Possible Cobalt Strike C2 Domain,/html,194.50.153.37
quasarincorporated.com,Possible Cobalt Strike C2 Domain,/template,192.3.76.38
quasarincorporated.com,Possible Cobalt Strike C2 Domain,/template,194.50.153.37
qw.dsvchost.com,Possible Cobalt Strike C2 Domain,/zh,5.188.87.47
qw.sortx2.com,Possible Cobalt Strike C2 Domain,/ml,46.161.27.133
rano.initiativeus.com,Possible Cobalt Strike C2 Domain,/gecko-002209d43095321-04009-29d082d,23.106.122.69
rano.outlookonlines.com,Possible Cobalt Strike C2 Domain,/web-sinf002209d30000022ii0921071812d,172.105.192.139
recommendation.digihealthlocker.com,Possible Cobalt Strike C2 Domain,/j.ad,54.226.3.99
res.mall.10010.cn,Possible Cobalt Strike C2 Fronted Domain,/static/js/21.4ba2507c.js,39.105.107.87
resource.sekretariatparti.org,Possible Cobalt Strike C2 Domain,/__utm.gif,198.13.34.82
rinonizexa.com,Possible Cobalt Strike C2 Fronted Domain,/dz,23.108.57.250
rttest7-dns-rdir.westeurope.cloudapp.azure.com,Possible Cobalt Strike C2 Domain,/image/,20.234.154.190
rttest7-dns-rdir.westeurope.cloudapp.azure.com,Possible Cobalt Strike C2 Domain,/image/,20.61.76.122
rw1.sentrysource.com,Possible Cobalt Strike C2 Domain,/__utm.gif,24.137.215.164
s3amzn.com,Possible Cobalt Strike C2 Domain,/jquery-3.3.1.min.js,20.85.192.247
sacs.dashuaibi.cf,Possible Cobalt Strike C2 Domain,/s/ref=nb_sb_noss_1/167-3294888-0262949/field-keywords=books,52.220.77.124
safe.safesecuredns.co,Possible Cobalt Strike C2 Domain,/fd/ls/l,153.92.5.225
salt.doctordanm.com,Possible Cobalt Strike C2 Domain,/j.ad,54.196.194.166
sanjianke.icu,Possible Cobalt Strike C2 Domain,/api/getit,165.154.131.126
schedule.sport-program.com,Possible Cobalt Strike C2 Domain,/metro91/admin/1/ppptp.jpg,146.70.161.20
search.zhenai.com,Possible Cobalt Strike C2 Fronted Domain,/owa,114.115.220.3
secureservices.fun,Possible Cobalt Strike C2 Fronted Domain,/jp.css,62.233.57.213
seeusdt.com,Possible Cobalt Strike C2 Domain,/activity,190.123.44.150
server1.bre1ce.top,Possible Cobalt Strike C2 Domain,/fwlink,155.94.170.73
service-04nl8z8p-1300276284.bj.apigw.tencentcs.com,Possible Cobalt Strike C2 Domain,/IE9CompatViewList.xml,47.103.66.79
service-04nl8z8p-1300276284.bj.apigw.tencentcs.com,Possible Cobalt Strike C2 Domain,/cm,111.230.74.60
service-04nl8z8p-1300276284.bj.apigw.tencentcs.com,Possible Cobalt Strike C2 Domain,/ptj,1.13.14.74
service-0gfsz81a-1306743016.gz.apigw.tencentcs.com,Possible Cobalt Strike C2 Domain,/api/sgget-0725,114.132.156.55
service-0odwwo2z-1256327773.bj.apigw.tencentcs.com,Possible Cobalt Strike C2 Domain,/api/x,120.53.94.50
service-115i4sx8-1318658931.nj.apigw.tencentcs.com,Possible Cobalt Strike C2 Domain,/news/details,119.45.205.142
service-1cao6cjs-1312654103.gz.apigw.tencentcs.com,Possible Cobalt Strike C2 Domain,/admin/login,124.223.200.131
service-1no61otq-1255887418.gz.apigw.tencentcs.com,Possible Cobalt Strike C2 Domain,/pixel,1.14.65.125
service-2r21z5dz-1258209792.bj.apigw.tencentcs.com,Possible Cobalt Strike C2 Domain,/api/getit,124.221.130.110
service-2rki087f-1305465584.bj.apigw.tencentcs.com,Possible Cobalt Strike C2 Domain,/api/x,124.220.77.188
service-305i3eef-1308887114.bj.apigw.tencentcs.com,Possible Cobalt Strike C2 Domain,/api/x,47.97.213.221
service-3ardqx66-1300773162.gz.apigw.tencentcs.com,Possible Cobalt Strike C2 Domain,/api/otsi-update-url.js,175.178.26.48
service-3uc3y0ao-1301310284.gz.apigw.tencentcs.com,Possible Cobalt Strike C2 Domain,/api/SpringG,8.130.106.206
service-4b1hpuo9-1305604765.sh.apigw.tencentcs.com,Possible Cobalt Strike C2 Domain,/api/check,38.147.172.79
service-4tr9xklk-1301910104.gz.apigw.tencentcs.com,Possible Cobalt Strike C2 Fronted Domain,/s/ref=nb_nb_noss_1/167-3294888-0262949/field-keywords=books,182.61.16.51
service-4yorw5on-1310046338.bj.apigw.tencentcs.com,Possible Cobalt Strike C2 Domain,/s,82.156.154.72
service-5q4qdd0g-1317142305.gz.apigw.tencentcs.com,Possible Cobalt Strike C2 Domain,/api/x,47.106.171.201
service-5xhfsa5m-1258216230.nj.apigw.tencentcs.com,Possible Cobalt Strike C2 Domain,/image/,47.242.78.26
service-6a4f07lw-1308639534.nj.apigw.tencentcs.com,Possible Cobalt Strike C2 Domain,/api/getit,129.211.222.142
service-6wso9e3t-1257357125.bj.apigw.tencentcs.com,Possible Cobalt Strike C2 Domain,/jquery-3.3.1.min.js,81.70.29.244
service-78ohk44l-1305604765.sh.apigw.tencentcs.com,Possible Cobalt Strike C2 Domain,/api/check,38.147.172.79
service-7hga0z7x-1259444062.sh.apigw.tencentcs.com,Possible Cobalt Strike C2 Domain,/api/x,118.89.203.184
service-7u28tmku-1309186631.gz.apigw.tencentcs.com,Possible Cobalt Strike C2 Domain,/api/x,114.132.73.232
service-84xe26zw-1251950883.gz.apigw.tencentcs.com,Possible Cobalt Strike C2 Domain,/api/getit,1.12.243.112
service-90jl66ki-1259711277.gz.apigw.tencentcs.com,Possible Cobalt Strike C2 Domain,/Del/v1.5/U3U9RKXU6,101.33.205.73
service-9op9r1ye-1306177445.gz.apigw.tencentcs.com,Possible Cobalt Strike C2 Domain,/api/user,43.142.191.38
service-9scl1l0u-1257789504.nj.apigw.tencentcs.com,Possible Cobalt Strike C2 Domain,/api/x,116.63.173.221
service-a3q6cine-1318428097.gz.apigw.tencentcs.com,Possible Cobalt Strike C2 Domain,/api/user,111.230.30.197
service-a7n7217q-1258444660.gz.apigw.tencentcs.com,Possible Cobalt Strike C2 Domain,/Contact/launchpage/ELR8U5MOB,43.138.29.85
service-asejzoh9-1252427727.bj.apigw.tencentcs.com,Possible Cobalt Strike C2 Domain,/api/x,43.143.132.119
service-ayurikha-1302461797.gz.apigw.tencentcs.com,Possible Cobalt Strike C2 Domain,/api/x,121.4.52.176
service-bvc0c0em-1309275416.nj.apigw.tencentcs.com,Possible Cobalt Strike C2 Domain,/api/x,101.35.148.219
service-cufhwy32-1317863896.gz.apigw.tencentcs.com,Possible Cobalt Strike C2 Domain,/api/getit,43.138.212.90
service-dafg2f39-1307026294.sh.apigw.tencentcs.com,Possible Cobalt Strike C2 Domain,/ptj,121.196.200.132
service-df5bnsx8-1305350386.gz.apigw.tencentcs.com,Possible Cobalt Strike C2 Domain,/api/getit,152.32.191.36
service-dj3eqgq2-1316113086.gz.apigw.tencentcs.com,Possible Cobalt Strike C2 Domain,/Contact/v9.23/AODFY6X8UV,142.93.2.25
service-dlrbbup7-1309697666.bj.apigw.tencentcs.com,Possible Cobalt Strike C2 Domain,/api/x,117.50.174.131
service-eh2fyewb-1301153563.sh.apigw.tencentcs.com,Possible Cobalt Strike C2 Domain,/api/x,101.34.93.112
service-ehj0oavc-1258426110.gz.apigw.tencentcs.com,Possible Cobalt Strike C2 Domain,/api/getit,111.229.10.49
service-f19aq6v8-1300773162.gz.apigw.tencentcs.com,Possible Cobalt Strike C2 Domain,/api/GetWindowsTime,43.139.109.13
service-fcvuvti8-1258973287.gz.apigw.tencentcs.com,Possible Cobalt Strike C2 Domain,/api/getit,43.154.81.4
service-g8z6boiv-1302310300.sh.apigw.tencentcs.com,Possible Cobalt Strike C2 Domain,/contact/v1.51/WE0KXOL8,117.50.183.12
service-gcnqmcp3-1307217324.bj.apigw.tencentcs.com,Possible Cobalt Strike C2 Domain,/api/IsLogin,43.138.19.240
service-ggtktmzs-1257047345.gz.apigw.tencentcs.com,Possible Cobalt Strike C2 Domain,/api/x,114.132.59.185
service-goqpel8p-1313519678.sh.apigw.tencentcs.com,Possible Cobalt Strike C2 Domain,/admin/login,150.158.180.97
service-h5j54wzu-1301910104.nj.apigw.tencentcs.com,Possible Cobalt Strike C2 Domain,/api/getit,36.138.209.175
service-hs6w7s26-1317863896.gz.apigw.tencentcs.com,Possible Cobalt Strike C2 Domain,/api/getit,43.138.212.90
service-hzdiypvm-1318122919.gz.apigw.tencentcs.com,Possible Cobalt Strike C2 Domain,/api/x,39.101.183.54
service-i0k34aj0-1306743016.gz.apigw.tencentcs.com,Possible Cobalt Strike C2 Domain,/api/getit,43.139.15.98
service-ibovzlqe-1312654096.gz.apigw.tencentcs.com,Possible Cobalt Strike C2 Domain,/admin/login,139.199.3.221
service-iby8w5fq-1306407718.gz.apigw.tencentcs.com,Possible Cobalt Strike C2 Domain,/api/x,43.139.116.197
service-in1v1ia6-1256578115.gz.apigw.tencentcs.com,Possible Cobalt Strike C2 Domain,/api/getuser,119.91.144.175
service-j3lu1dcf-1259409518.bj.apigw.tencentcs.com,Possible Cobalt Strike C2 Domain,/s,175.178.191.159
service-jbwf158v-1254460102.cd.apigw.tencentcs.com,Possible Cobalt Strike C2 Domain,/api/v1/key,118.195.228.82
service-jinjrw2r-1255936572.sh.apigw.tencentcs.com,Possible Cobalt Strike C2 Domain,/cgi-bin/mmwebwx-bin/webwxgetcontact,175.27.223.111
service-jinjrw2r-1255936572.sh.apigw.tencentcs.com,Possible Cobalt Strike C2 Fronted Domain,/cgi-bin/mmwebwx-bin/webwxgetcontact,175.27.223.111
service-jmhic8q0-1306743016.gz.apigw.tencentcs.com,Possible Cobalt Strike C2 Domain,/api/abcget0717,114.132.156.55
service-js8jhgzk-1302739990.gz.apigw.tencentcs.com,Possible Cobalt Strike C2 Domain,/api/x,101.43.101.166
service-jzcboqxy-1301167793.gz.apigw.tencentcs.com,Possible Cobalt Strike C2 Domain,/clemente/details,43.142.165.143
service-jzcboqxy-1301167793.gz.apigw.tencentcs.com,Possible Cobalt Strike C2 Domain,/news/details,43.142.165.143
service-k6s27a4s-1318658931.nj.apigw.tencentcs.com,Possible Cobalt Strike C2 Domain,/clemente/details,1.13.101.231
service-k6s27a4s-1318658931.nj.apigw.tencentcs.com,Possible Cobalt Strike C2 Domain,/news/details,1.13.101.231
service-k6swyxf1-1258536377.cd.apigw.tencentcs.com,Possible Cobalt Strike C2 Domain,/api/x,43.136.180.115
service-kboespoo-1317138495.gz.apigw.tencentcs.com,Possible Cobalt Strike C2 Domain,/ab.html,101.43.165.220
service-kboespoo-1317138495.gz.apigw.tencentcs.com,Possible Cobalt Strike C2 Domain,/ab.html,82.157.110.128
service-kiss7m2t-1305595184.bj.apigw.tencentcs.com,Possible Cobalt Strike C2 Domain,/www/handle/doc,43.143.186.7
service-lxxw7ork-1301466801.gz.apigw.tencentcs.com,Possible Cobalt Strike C2 Domain,/IE9CompatViewList.xml,154.39.81.76
service-maoif4bl-1313584875.bj.apigw.tencentcs.com,Possible Cobalt Strike C2 Domain,/api/x,47.108.24.98
service-mewxt0rn-1251826339.sh.apigw.tencentcs.com,Possible Cobalt Strike C2 Domain,/api/getit,49.234.22.80
service-mitx0ap6-1308639534.nj.apigw.tencentcs.com,Possible Cobalt Strike C2 Domain,/api/getit,123.249.28.204
service-mtrar14d-1316554402.sh.apigw.tencentcs.com,Possible Cobalt Strike C2 Domain,/admin/login,101.35.46.154
service-mxnrshfx-1300276284.sh.apigw.tencentcs.com,Possible Cobalt Strike C2 Domain,/ga.js,47.103.95.2
service-n232999m-1258583189.nj.apigw.tencentcs.com,Possible Cobalt Strike C2 Domain,/azure/cloud/api/v2/05c284a1a387e,38.60.46.162
service-n232999m-1258583189.nj.apigw.tencentcs.com,Possible Cobalt Strike C2 Domain,/azure/cloud/api/v2/05c284a1a387e,38.60.47.63
service-nlajk04n-1255951368.sh.apigw.tencentcs.com,Possible Cobalt Strike C2 Domain,/wp08/wp-includes/dtcla.php,101.34.214.82
service-nlta6hhr-1313209854.sh.apigw.tencentcs.com,Possible Cobalt Strike C2 Domain,/index/,38.147.172.149
service-ntfl1fj6-1300612713.gz.apigw.tencentcs.com,Possible Cobalt Strike C2 Domain,/static/js/vue.min.js,159.75.254.173
service-ogf120ck-1300456157.nj.apigw.tencentcs.com,Possible Cobalt Strike C2 Domain,/www/handle/doc,118.195.184.126
service-ohpiv7vr-1310764774.bj.apigw.tencentcs.com,Possible Cobalt Strike C2 Domain,/api/x,101.42.254.219
service-plcnurt7-1300693486.bj.apigw.tencentcs.com,Possible Cobalt Strike C2 Domain,/api/x,82.156.188.211
service-q07ntsqs-1301775575.gz.apigw.tencentcs.com,Possible Cobalt Strike C2 Domain,/api/usersInfo,124.70.159.242
service-qke82nt8-1301348154.gz.apigw.tencentcs.com,Possible Cobalt Strike C2 Domain,/ga.js,175.178.213.59
service-ryfvjv9l-1313169921.sh.apigw.tencentcs,Possible Cobalt Strike C2 Domain,/api/getit,47.120.12.203
service.coffeeplato.com,Possible Cobalt Strike C2 Domain,/j.ad,44.201.147.83
service.jaguarlandroverglobalservice.com,Possible Cobalt Strike C2 Domain,/visit.js,20.46.112.10
sinatxbaidu.oneneo.xyz,Possible Cobalt Strike C2 Domain,/api/3,49.232.67.116
skynet-i.asuscomm.com,Possible Cobalt Strike C2 Domain,/cm,85.175.101.203
software.cncb.info,Possible Cobalt Strike C2 Domain,/updates,54.199.86.237
sport-program.com,Possible Cobalt Strike C2 Domain,/Disable/fileadmin/GC2W8LORKCTB,146.70.161.20
sport-program.com,Possible Cobalt Strike C2 Fronted Domain,/metro91/admin/1/ppptp.jpg,146.70.161.20
ss.rlfslie.cloud,Possible Cobalt Strike C2 Domain,/j.ad,199.195.253.124
static.cgbchina.com.cn.cloud.360.net,Possible Cobalt Strike C2 Fronting Domain,/Display/chan/IB61I7MYA,43.143.145.131
static.cgbchina.com.cn.cloud.360.net.cdn.dnsv1.com,Possible Cobalt Strike C2 Fronted Domain,/Display/chan/IB61I7MYA,43.143.145.131
staxonecommerce.com,Possible Cobalt Strike C2 Domain,/as.css,107.172.157.63
staxonecommerce.com,Possible Cobalt Strike C2 Domain,/as.css,194.50.153.12
staxonecommerce.com,Possible Cobalt Strike C2 Domain,/fam_calendar,194.50.153.12
study.accesscam.org,Possible Cobalt Strike C2 Domain,/www/handle/doc,103.42.214.102
study.gleeze.com,Possible Cobalt Strike C2 Domain,/www/handle/doc,103.42.214.102
success.ehealthsimplified.com,Possible Cobalt Strike C2 Domain,/j.ad,54.196.123.144
support.azrue-mircosoft.com,Possible Cobalt Strike C2 Domain,/rs.html,8.218.28.246
support.npmstatic.com,Possible Cobalt Strike C2 Domain,/index.jsp,54.91.23.205
sweet.bnbanker.com,Possible Cobalt Strike C2 Domain,/j.ad,54.235.238.79
t1.allyun.info,Possible Cobalt Strike C2 Domain,/activity,54.210.132.119
t2.allyun.info,Possible Cobalt Strike C2 Domain,/ga.js,54.210.132.119
ta.oksys.lol,Possible Cobalt Strike C2 Domain,/__utm.gif,103.52.154.82
tcessolution.com,Possible Cobalt Strike C2 Domain,/btn_bg.html,192.3.76.67
tcessolution.com,Possible Cobalt Strike C2 Domain,/btn_bg.html,194.50.153.13
tcessolution.com,Possible Cobalt Strike C2 Domain,/dz.js,192.3.76.67
tcessolution.com,Possible Cobalt Strike C2 Domain,/dz.js,194.50.153.13
test.227api.com,Possible Cobalt Strike C2 Domain,/g.pixel,103.146.141.98
test.227api.com,Possible Cobalt Strike C2 Domain,/g.pixel,154.83.17.116
test.g-security.cn,Possible Cobalt Strike C2 Domain,/www/handle/doc,43.138.226.44
test.gin.lol,Possible Cobalt Strike C2 Fronting Domain,/activity,45.32.241.231
test.kolunbia.com,Possible Cobalt Strike C2 Domain,/owa/KEWcLUqa3HMDW8EYqD0AIa3V,216.238.74.154
teste.mac4.eco.br,Possible Cobalt Strike C2 Fronted Domain,/s/ref=nb_sb_noss_1/167-3294888-0262949/field-keywords=books,201.95.130.179
testinfo.top,Possible Cobalt Strike C2 Domain,/activity,43.139.16.102
thursday.kfc4.icu,Possible Cobalt Strike C2 Domain,/0RZDKXR/ADGJJ4B3VRSPAV9KC3MXI80OFD.css,8.222.154.119
tianya.baidu.com,Possible Cobalt Strike C2 Fronting Domain,/jquery-3.3.1.min.js,198.144.187.19
tianya.baidu.com,Possible Cobalt Strike C2 Fronting Domain,/jquery-3.3.1.min.js,23.95.44.10
tiepanghu.xyz,Possible Cobalt Strike C2 Domain,/api/x,121.5.102.72
tmall.com,Possible Cobalt Strike C2 Fronting Domain,/favicon,23.108.57.191
trust.hrtrust.net,Possible Cobalt Strike C2 Fronted Domain,/remove,52.70.254.144
tsix.synology.me,Possible Cobalt Strike C2 Domain,/jquery-3.3.1.min.js,223.166.224.11
tu.oksys.lol,Possible Cobalt Strike C2 Domain,/__utm.gif,103.52.154.82
tw.aptce4.top,Possible Cobalt Strike C2 Domain,/load,23.94.240.64
unbreakable.live,Possible Cobalt Strike C2 Domain,/g.pixel,107.173.153.171
unbreakable.live,Possible Cobalt Strike C2 Domain,/match,107.173.153.171
upd343.winserverupdates.com,Possible Cobalt Strike C2 Domain,/css/jquery.min.js,5.8.18.240
update.aliyunupdate.work,Possible Cobalt Strike C2 Domain,/jquery-3.3.1.min.js,43.138.73.164
update.asiainfo-sec.com,Possible Cobalt Strike C2 Fronting Domain,/s/ref=nb_nb_noss_1/167-3294888-0262949/field-keywords=books,182.61.16.51
update.asiainfo-sec.com.cdn.dnsv1.com.cn,Possible Cobalt Strike C2 Fronted Domain,/s/ref=nb_nb_noss_1/167-3294888-0262949/field-keywords=books,182.61.16.51
update.microsoftapply.com,Possible Cobalt Strike C2 Domain,/g.pixel,45.12.138.94
update.microsofthk.com,Possible Cobalt Strike C2 Domain,/cm,45.12.138.95
update.microsoftkernel.com,Possible Cobalt Strike C2 Domain,/activity,45.12.138.95
update.optaneinteloss.com,Possible Cobalt Strike C2 Fronted Domain,/jquery-3.3.1.min.js,198.144.187.19
update.optelinteloss.com,Possible Cobalt Strike C2 Fronted Domain,/jquery-3.3.1.min.js,198.144.187.19
updatelink.firefoxokt.top,Possible Cobalt Strike C2 Domain,/jquery-3.3.1.min.js,202.95.15.23
updates.securitylab.io,Possible Cobalt Strike C2 Domain,/jquery-3.3.1.min.js,47.47.34.249
usadevgroup.com,Possible Cobalt Strike C2 Domain,/fr,194.50.153.39
usadevgroup.com,Possible Cobalt Strike C2 Domain,/gv,194.50.153.39
userla.de,Possible Cobalt Strike C2 Domain,/r_config.html,95.169.25.166
usizevuru.biz,Possible Cobalt Strike C2 Fronted Domain,/favicon,23.108.57.191
v2ray1.mmsy.top,Possible Cobalt Strike C2 Domain,/jquery-3.3.1.min.js,52.253.108.7
v2ray2.mmsy.top,Possible Cobalt Strike C2 Domain,/jquery-3.3.1.min.js,52.253.108.7
vegavamyrni.dns.navy,Possible Cobalt Strike C2 Domain,/dot.gif,43.134.235.245
vegetable.readquotations.com,Possible Cobalt Strike C2 Domain,/j.ad,44.211.149.61
velmeded.com,Possible Cobalt Strike C2 Domain,/en_US/all.js,31.44.184.88
venustech.com.cn,Possible Cobalt Strike C2 Fronting Domain,/jquerys-6.3.5.max.js,39.100.69.48
venustech.com.cn,Possible Cobalt Strike C2 Fronting Domain,/jquerys-6.3.5.max.js,47.92.27.53
veriernano.com,Possible Cobalt Strike C2 Domain,/ga.js,31.44.184.63
vespetrolgroup.com,Possible Cobalt Strike C2 Domain,/ba.html,192.3.76.142
vespetrolgroup.com,Possible Cobalt Strike C2 Domain,/ba.html,194.50.153.35
vigorouseuclid.zscaler.skytapdns.com,Possible Cobalt Strike C2 Domain,/visit.js,20.94.177.31
vigorouseuclid.zscaler.skytapdns.com,Possible Cobalt Strike C2 Domain,/visit.js,23.98.137.196
vitagees.com,Possible Cobalt Strike C2 Domain,/design/query/9X5M3SOE0F,46.21.153.146
vk.com,Possible Cobalt Strike C2 Fronting Domain,/dz,23.108.57.250
vnet.keshant.com,Possible Cobalt Strike C2 Domain,/api/3,23.106.140.90
vnet.keshant.com,Possible Cobalt Strike C2 Domain,/api/3,43.239.158.234
vpn.comchinantp.com,Possible Cobalt Strike C2 Domain,/ca,94.142.141.92
vpn.comchinantp.com,Possible Cobalt Strike C2 Domain,/jquery-3.3.1.min.js,172.81.63.59
vps.cpple.tk,Possible Cobalt Strike C2 Domain,/match,23.234.254.155
web.comchinantp.com,Possible Cobalt Strike C2 Domain,/jquery-3.3.1.min.js,172.81.63.59
werewolves.su,Possible Cobalt Strike C2 Domain,/poll,51.222.196.75
whoamb.microsoft.com,Possible Cobalt Strike C2 Fronting Domain,/audiencemanager.js,120.79.64.164
win-update.co,Possible Cobalt Strike C2 Domain,/activity,104.236.180.75
wps.cncb.info,Possible Cobalt Strike C2 Domain,/updates,54.199.86.237
www.amazon.com,Possible Cobalt Strike C2 Fronting Domain,/jquery.js,82.157.145.234
www.amazon.com,Possible Cobalt Strike C2 Fronting Domain,/s/ref=nb_sb_noss_1/167-3294888-0262949/field-keywords=books,103.138.22.165
www.amazon.com,Possible Cobalt Strike C2 Fronting Domain,/s/ref=nb_sb_noss_1/167-3294888-0262949/field-keywords=books,201.95.130.179
www.amazon.com,Possible Cobalt Strike C2 Fronting Domain,/s/ref=nb_sb_noss_1/167-3294888-0262949/field-keywords=books,201.95.96.120
www.atomscience.cn,Possible Cobalt Strike C2 Domain,/jquery-3.3.1.min.js,104.168.175.120
www.atomscience.cn,Possible Cobalt Strike C2 Domain,/jquery-3.3.1.min.js,104.168.175.122
www.axxnxx.xyz,Possible Cobalt Strike C2 Domain,/api/3,20.239.64.43
www.baidu.com,Possible Cobalt Strike C2 Fronting Domain,/hao123/haofa.js,38.47.221.99
www.bing.com,Possible Cobalt Strike C2 Fronting Domain,/search/,104.238.153.140
www.bing.com,Possible Cobalt Strike C2 Fronting Domain,/search/,23.105.210.39
www.blackknightfinancials.com,Possible Cobalt Strike C2 Domain,/process.jsp,34.229.169.232
www.certinstall.cc,Possible Cobalt Strike C2 Domain,/jquery-3.3.1.min.js,45.207.13.100
www.checkupdates50.com,Possible Cobalt Strike C2 Fronted Domain,/jquery-3.3.1.min.js,23.95.44.10
www.citcc.shop,Possible Cobalt Strike C2 Domain,/api/3,104.129.182.29
www.cnhile-hl.com,Possible Cobalt Strike C2 Fronted Domain,/jquerys-6.3.5.max.js,39.100.69.48
www.cnhile-hl.com,Possible Cobalt Strike C2 Fronted Domain,/jquerys-6.3.5.max.js,47.92.27.53
www.cy9nus.com,Possible Cobalt Strike C2 Fronted Domain,/preload,139.9.219.217
www.dangofil.xyz,Possible Cobalt Strike C2 Fronting Domain,/api/logout,39.101.1.147
www.darkerstan.top,Possible Cobalt Strike C2 Domain,/visit.js,47.120.2.120
www.dnehtb.cn,Possible Cobalt Strike C2 Domain,/admin/facvicon.jpg,139.155.145.128
www.gzjinyou.cn,Possible Cobalt Strike C2 Fronted Domain,/jquerys-6.3.5.max.js,39.100.69.48
www.gzjinyou.cn,Possible Cobalt Strike C2 Fronted Domain,/jquerys-6.3.5.max.js,47.92.27.53
www.healthylifeandliving.org,Possible PoshC2 Domain,/usersync/tradedesk/,18.169.33.186
www.jntm.cn.com,Possible Cobalt Strike C2 Domain,/api/3,121.4.111.221
www.micorsoft.live,Possible Cobalt Strike C2 Domain,/ga.js,49.232.90.103
www.micorsoft.xyz,Possible Cobalt Strike C2 Domain,/g.pixel,47.103.66.79
www.micrcscft-store.com,Possible Cobalt Strike C2 Domain,/mg,8.210.2.157
www.microsofer.top,Possible Cobalt Strike C2 Domain,/image/,43.154.27.211
www.microsoft-info.org,Possible Cobalt Strike C2 Domain,/jquery-3.3.1.min.js,154.39.64.39
www.muenchner-finanzhilfe.com,Possible Cobalt Strike C2 Domain,/owa/,141.255.164.35
www.mycustomos-sa.com,Possible Cobalt Strike C2 Domain,/en/home/search,147.182.229.244
www.nacosgov.xyz,Possible Cobalt Strike C2 Domain,/assets/code-3d7b701fc6eb.css,45.77.24.248
www.newbing.fyi,Possible Cobalt Strike C2 Domain,/search/,81.71.68.50
www.onlinedown.net,Possible Cobalt Strike C2 Fronted Domain,/owa,114.115.220.3
www.oracleup.cc,Possible Cobalt Strike C2 Domain,/g.pixel,47.75.108.68
www.pcsoft.com.cn,Possible Cobalt Strike C2 Fronted Domain,/owa,114.115.220.3
www.qaxnbyyds.shop,Possible Cobalt Strike C2 Domain,/api/x,47.108.24.98
www.servicedesk-internal.com,Possible Cobalt Strike C2 Domain,/__utm.gif,20.25.6.241
www.sharksbaby.pro,Possible Cobalt Strike C2 Domain,/detect/v3.33/EZZF2Q31RFAY,43.228.91.212
www.test9977.tk,Possible Cobalt Strike C2 Domain,/__utm.gif,47.99.177.59
www.test9977.tk,Possible Cobalt Strike C2 Domain,/en_US/all.js,47.99.177.59
www.union-pay.vip,Possible Cobalt Strike C2 Domain,/static/skin/js/jquery-3.3.1.min.js,43.138.10.93
www.updategateway.com,Possible Cobalt Strike C2 Fronted Domain,/jquery-3.3.1.min.js,23.95.44.10
www.vpnportal.live,Possible Cobalt Strike C2 Fronting Domain,/jquery-3.3.2.min.woff2,102.117.172.229
www.windowupdates.one,Possible Cobalt Strike C2 Domain,/s/ref=nb_sb_noss_1/167-3294888-0262949/field-keywords=books,45.77.92.21
www1.ceshi897.cn,Possible Cobalt Strike C2 Domain,/jquery-3.3.1.min.js,45.152.67.162
www2.ceshi897.cn,Possible Cobalt Strike C2 Domain,/jquery-3.3.1.min.js,45.152.67.162
www3.ceshi897.cn,Possible Cobalt Strike C2 Domain,/jquery-3.3.1.min.js,45.152.67.162
xianxiaobai.top,Possible Cobalt Strike C2 Domain,/g.pixel,101.34.30.200
xianxiaobai.top,Possible Cobalt Strike C2 Domain,/pixel,101.34.30.200
xisowah.info,Possible Cobalt Strike C2 Domain,/put/util/AXXRV7P4,185.243.113.173
xls.freeonline-office.com,Possible Cobalt Strike C2 Domain,/signin,195.123.225.85
xmkq08012g.top,Possible Cobalt Strike C2 Domain,/jquery-3.3.1.min.js,43.154.14.120
xovohed.org,Possible Cobalt Strike C2 Domain,/restore/v5.88/W0V7CRVFH,64.44.102.84
xoyukiveni.co,Possible Cobalt Strike C2 Fronted Domain,/cr.css,23.108.57.45
yahoo.com.s3.bucket-amazon.com,Possible Cobalt Strike C2 Domain,/signin,193.187.173.137
ys.myhome.xin,Possible Cobalt Strike C2 Domain,/jquery-3.3.1.min.js,183.251.2.235
zero.kdocs.cc,Possible Cobalt Strike C2 Domain,/api/3,129.211.217.209
zh-cn.imags.microsoft.com,Possible Cobalt Strike C2 Fronting Domain,/s/ref=nb_sb_noss_1/167-3294888-0262949/field-keywords=books,39.107.32.219
zh-cn.imags.microsoft.com.w.kunlunca.com,Possible Cobalt Strike C2 Fronted Domain,/s/ref=nb_sb_noss_1/167-3294888-0262949/field-keywords=books,39.107.32.219
zjgsedu.fyi,Possible Cobalt Strike C2 Domain,/include/template/isx.php,118.195.134.30
zx.dsvchost.com,Possible Cobalt Strike C2 Domain,/temp,5.188.87.47
zx.sortx2.com,Possible Cobalt Strike C2 Domain,/ml,46.161.27.133
