#ip,ioc
1.116.156.226,Possible Cobaltstrike C2 IP
1.116.156.228,Possible Cobaltstrike C2 IP
1.116.160.39,Possible Cobaltstrike C2 IP
1.116.160.60,Possible Cobaltstrike C2 IP
1.116.96.210,Possible Cobaltstrike C2 IP
1.117.115.142,Possible Cobaltstrike C2 IP
1.117.158.98,Possible Cobaltstrike C2 IP
1.117.169.18,Possible Cobaltstrike C2 IP
1.117.176.254,Possible Cobaltstrike C2 IP
1.117.183.85,Possible Cobaltstrike C2 IP
1.117.228.211,Possible Cobaltstrike C2 IP
1.117.243.253,Possible Cobaltstrike C2 IP
1.117.59.12,Possible Cobaltstrike C2 IP
1.117.79.251,Possible Cobaltstrike C2 IP
1.12.235.152,Possible Cobaltstrike C2 IP
1.12.243.112,Possible Cobaltstrike C2 IP
1.12.55.126,Possible Cobaltstrike C2 IP
1.12.62.177,Possible Cobaltstrike C2 IP
1.13.101.231,Possible Cobaltstrike C2 IP
1.13.14.74,Possible Cobaltstrike C2 IP
1.13.156.222,Possible Cobaltstrike C2 IP
1.13.158.52,Possible Cobaltstrike C2 IP
1.13.17.173,Possible Cobaltstrike C2 IP
1.13.17.185,Possible Cobaltstrike C2 IP
1.13.255.117,Possible Cobaltstrike C2 IP
1.14.127.220,Possible Cobaltstrike C2 IP
1.14.63.190,Possible Cobaltstrike C2 IP
1.14.65.125,Possible Cobaltstrike C2 IP
1.14.65.206,Possible Cobaltstrike C2 IP
1.14.68.150,Possible Cobaltstrike C2 IP
1.14.70.97,Possible Cobaltstrike C2 IP
1.14.72.73,Possible Cobaltstrike C2 IP
1.14.76.152,Possible Cobaltstrike C2 IP
1.15.120.10,Possible Cobaltstrike C2 IP
1.15.141.252,Possible Cobaltstrike C2 IP
1.15.189.200,Possible Cobaltstrike C2 IP
1.15.225.244,Possible Cobaltstrike C2 IP
1.15.244.128,Possible Cobaltstrike C2 IP
1.15.247.249,Possible Cobaltstrike C2 IP
1.15.248.225,Possible Cobaltstrike C2 IP
1.15.40.248,Possible Cobaltstrike C2 IP
1.15.42.124,Possible Cobaltstrike C2 IP
1.15.42.6,Possible Cobaltstrike C2 IP
1.15.90.177,Possible Cobaltstrike C2 IP
1.62.85.37,Possible Cobaltstrike C2 IP
1.82.240.48,Possible Cobaltstrike C2 IP
100.25.156.1,Possible Cobaltstrike C2 IP
100.26.145.203,Possible Cobaltstrike C2 IP
100.42.64.104,Possible Cobaltstrike C2 IP
101.132.108.176,Possible Cobaltstrike C2 IP
101.133.174.241,Possible Cobaltstrike C2 IP
101.200.134.239,Possible Cobaltstrike C2 IP
101.200.79.222,Possible Cobaltstrike C2 IP
101.200.87.194,Possible Cobaltstrike C2 IP
101.201.39.160,Possible Cobaltstrike C2 IP
101.201.79.83,Possible Cobaltstrike C2 IP
101.32.34.196,Possible Cobaltstrike C2 IP
101.33.117.154,Possible Cobaltstrike C2 IP
101.33.199.47,Possible Cobaltstrike C2 IP
101.33.205.73,Possible Cobaltstrike C2 IP
101.33.208.118,Possible Cobaltstrike C2 IP
101.33.208.81,Possible Cobaltstrike C2 IP
101.33.219.90,Possible Cobaltstrike C2 IP
101.33.231.180,Possible Cobaltstrike C2 IP
101.33.235.149,Possible Cobaltstrike C2 IP
101.33.244.132,Possible Cobaltstrike C2 IP
101.33.250.143,Possible Cobaltstrike C2 IP
101.34.214.82,Possible Cobaltstrike C2 IP
101.34.22.105,Possible Cobaltstrike C2 IP
101.34.222.38,Possible Cobaltstrike C2 IP
101.34.23.227,Possible Cobaltstrike C2 IP
101.34.30.200,Possible Cobaltstrike C2 IP
101.34.36.115,Possible Cobaltstrike C2 IP
101.34.93.112,Possible Cobaltstrike C2 IP
101.35.112.94,Possible Cobaltstrike C2 IP
101.35.123.193,Possible Cobaltstrike C2 IP
101.35.141.80,Possible Cobaltstrike C2 IP
101.35.148.219,Possible Cobaltstrike C2 IP
101.35.19.133,Possible Cobaltstrike C2 IP
101.35.198.64,Possible Cobaltstrike C2 IP
101.35.21.201,Possible Cobaltstrike C2 IP
101.35.21.69,Possible Cobaltstrike C2 IP
101.35.23.182,Possible Cobaltstrike C2 IP
101.35.233.204,Possible Cobaltstrike C2 IP
101.35.234.201,Possible Cobaltstrike C2 IP
101.35.235.73,Possible Cobaltstrike C2 IP
101.35.4.152,Possible Cobaltstrike C2 IP
101.35.46.154,Possible Cobaltstrike C2 IP
101.37.255.14,Possible Cobaltstrike C2 IP
101.37.31.211,Possible Cobaltstrike C2 IP
101.37.88.59,Possible Cobaltstrike C2 IP
101.42.101.185,Possible Cobaltstrike C2 IP
101.42.166.216,Possible Cobaltstrike C2 IP
101.42.169.90,Possible Cobaltstrike C2 IP
101.42.228.86,Possible Cobaltstrike C2 IP
101.42.230.136,Possible Cobaltstrike C2 IP
101.42.240.79,Possible Cobaltstrike C2 IP
101.42.254.219,Possible Cobaltstrike C2 IP
101.42.4.243,Possible Cobaltstrike C2 IP
101.43.103.253,Possible Cobaltstrike C2 IP
101.43.117.80,Possible Cobaltstrike C2 IP
101.43.123.21,Possible Cobaltstrike C2 IP
101.43.127.45,Possible Cobaltstrike C2 IP
101.43.129.115,Possible Cobaltstrike C2 IP
101.43.13.21,Possible Cobaltstrike C2 IP
101.43.135.44,Possible Cobaltstrike C2 IP
101.43.136.152,Possible Cobaltstrike C2 IP
101.43.147.69,Possible Cobaltstrike C2 IP
101.43.149.199,Possible Cobaltstrike C2 IP
101.43.149.73,Possible Cobaltstrike C2 IP
101.43.15.142,Possible Cobaltstrike C2 IP
101.43.156.246,Possible Cobaltstrike C2 IP
101.43.16.149,Possible Cobaltstrike C2 IP
101.43.161.148,Possible Cobaltstrike C2 IP
101.43.165.220,Possible Cobaltstrike C2 IP
101.43.173.91,Possible Cobaltstrike C2 IP
101.43.175.167,Possible Cobaltstrike C2 IP
101.43.183.39,Possible Cobaltstrike C2 IP
101.43.187.70,Possible Cobaltstrike C2 IP
101.43.190.181,Possible Cobaltstrike C2 IP
101.43.198.94,Possible Cobaltstrike C2 IP
101.43.2.116,Possible Cobaltstrike C2 IP
101.43.205.85,Possible Cobaltstrike C2 IP
101.43.215.118,Possible Cobaltstrike C2 IP
101.43.229.185,Possible Cobaltstrike C2 IP
101.43.248.36,Possible Cobaltstrike C2 IP
101.43.249.151,Possible Cobaltstrike C2 IP
101.43.249.51,Possible Cobaltstrike C2 IP
101.43.42.27,Possible Cobaltstrike C2 IP
101.43.45.243,Possible Cobaltstrike C2 IP
101.43.46.145,Possible Cobaltstrike C2 IP
101.43.49.244,Possible Cobaltstrike C2 IP
101.43.64.17,Possible Cobaltstrike C2 IP
101.43.64.49,Possible Cobaltstrike C2 IP
101.43.67.24,Possible Cobaltstrike C2 IP
101.43.85.101,Possible Cobaltstrike C2 IP
101.43.86.215,Possible Cobaltstrike C2 IP
101.43.90.184,Possible Cobaltstrike C2 IP
101.89.202.252,Possible Cobaltstrike C2 IP
101.91.154.125,Possible Cobaltstrike C2 IP
101.91.181.236,Possible Cobaltstrike C2 IP
102.117.160.163,Possible Cobaltstrike C2 IP
102.117.169.88,Possible Cobaltstrike C2 IP
102.117.172.229,Possible Cobaltstrike C2 IP
102.117.174.159,Possible Cobaltstrike C2 IP
103.101.176.146,Possible Cobaltstrike C2 IP
103.101.176.147,Possible Cobaltstrike C2 IP
103.101.176.148,Possible Cobaltstrike C2 IP
103.101.176.150,Possible Cobaltstrike C2 IP
103.114.163.107,Possible Cobaltstrike C2 IP
103.131.189.248,Possible Metasploit C2 IP
103.139.2.185,Possible Cobaltstrike C2 IP
103.143.249.89,Possible Cobaltstrike C2 IP
103.143.81.170,Possible Cobaltstrike C2 IP
103.145.107.83,Possible Cobaltstrike C2 IP
103.146.141.98,Possible Cobaltstrike C2 IP
103.146.179.84,Possible Cobaltstrike C2 IP
103.146.179.94,Possible Cobaltstrike C2 IP
103.146.231.32,Possible Cobaltstrike C2 IP
103.159.133.210,Possible Cobaltstrike C2 IP
103.159.64.34,Possible Cobaltstrike C2 IP
103.159.64.35,Possible Cobaltstrike C2 IP
103.159.64.36,Possible Cobaltstrike C2 IP
103.159.64.38,Possible Cobaltstrike C2 IP
103.173.154.214,Possible Cobaltstrike C2 IP
103.193.189.251,Possible Cobaltstrike C2 IP
103.20.235.104,Possible Metasploit C2 IP
103.20.235.140,Possible Metasploit C2 IP
103.233.253.147,Possible Cobaltstrike C2 IP
103.234.54.128,Possible Cobaltstrike C2 IP
103.234.72.107,Possible Cobaltstrike C2 IP
103.234.72.150,Possible Cobaltstrike C2 IP
103.234.72.18,Possible Cobaltstrike C2 IP
103.234.72.200,Possible Cobaltstrike C2 IP
103.234.72.49,Possible Cobaltstrike C2 IP
103.238.226.146,Possible Cobaltstrike C2 IP
103.242.132.184,Possible Cobaltstrike C2 IP
103.255.176.110,Possible Cobaltstrike C2 IP
103.36.196.60,Possible Cobaltstrike C2 IP
103.42.214.19,Possible Cobaltstrike C2 IP
103.42.214.78,Possible Cobaltstrike C2 IP
103.44.250.187,Possible Cobaltstrike C2 IP
103.52.154.82,Possible Cobaltstrike C2 IP
103.57.228.100,Possible Cobaltstrike C2 IP
103.57.228.101,Possible Cobaltstrike C2 IP
103.57.228.102,Possible Cobaltstrike C2 IP
103.57.228.98,Possible Cobaltstrike C2 IP
103.57.228.99,Possible Cobaltstrike C2 IP
103.61.3.208,Possible Cobaltstrike C2 IP
103.85.23.74,Possible Cobaltstrike C2 IP
103.96.130.114,Possible Cobaltstrike C2 IP
103.97.128.72,Possible Cobaltstrike C2 IP
103.97.128.81,Possible Cobaltstrike C2 IP
103.97.176.111,Possible Cobaltstrike C2 IP
104.168.48.208,Possible Cobaltstrike C2 IP
104.168.54.203,Possible Cobaltstrike C2 IP
104.168.68.35,Possible Cobaltstrike C2 IP
104.168.70.101,Possible Cobaltstrike C2 IP
104.194.156.2,Possible Metasploit C2 IP
104.200.67.121,Possible Cobaltstrike C2 IP
104.223.121.37,Possible Cobaltstrike C2 IP
104.236.180.75,Possible Cobaltstrike C2 IP
104.238.151.17,Possible Cobaltstrike C2 IP
104.238.153.140,Possible Cobaltstrike C2 IP
104.238.35.74,Possible Cobaltstrike C2 IP
104.244.94.132,Possible Cobaltstrike C2 IP
104.248.132.158,Possible Cobaltstrike C2 IP
104.248.170.245,Possible Metasploit C2 IP
104.248.91.12,Possible Cobaltstrike C2 IP
104.41.145.132,Possible Cobaltstrike C2 IP
105.243.62.235,Possible Metasploit C2 IP
106.12.106.210,Possible Cobaltstrike C2 IP
106.12.129.225,Possible Cobaltstrike C2 IP
106.12.142.240,Possible Cobaltstrike C2 IP
106.12.35.200,Possible Cobaltstrike C2 IP
106.14.12.116,Possible Cobaltstrike C2 IP
106.14.144.30,Possible Cobaltstrike C2 IP
106.14.181.215,Possible Cobaltstrike C2 IP
106.14.75.240,Possible Cobaltstrike C2 IP
106.15.107.182,Possible Cobaltstrike C2 IP
106.15.170.141,Possible Cobaltstrike C2 IP
106.15.74.69,Possible Cobaltstrike C2 IP
106.52.116.188,Possible Cobaltstrike C2 IP
106.52.130.164,Possible Cobaltstrike C2 IP
106.52.187.62,Possible Cobaltstrike C2 IP
106.52.42.139,Possible Cobaltstrike C2 IP
106.52.48.215,Possible Metasploit C2 IP
106.53.136.106,Possible Cobaltstrike C2 IP
106.53.146.218,Possible Cobaltstrike C2 IP
106.53.67.175,Possible Cobaltstrike C2 IP
106.54.168.113,Possible Cobaltstrike C2 IP
106.54.181.10,Possible Cobaltstrike C2 IP
106.55.180.110,Possible Cobaltstrike C2 IP
106.55.181.108,Possible Cobaltstrike C2 IP
106.55.181.95,Possible Cobaltstrike C2 IP
106.55.187.63,Possible Cobaltstrike C2 IP
106.55.245.228,Possible Cobaltstrike C2 IP
106.55.38.206,Possible Cobaltstrike C2 IP
106.75.2.57,Possible Cobaltstrike C2 IP
106.75.215.25,Possible Cobaltstrike C2 IP
106.75.231.15,Possible Cobaltstrike C2 IP
106.75.232.107,Possible Cobaltstrike C2 IP
106.75.245.100,Possible Cobaltstrike C2 IP
106.75.29.225,Possible Cobaltstrike C2 IP
106.75.72.134,Possible Metasploit C2 IP
107.148.33.35,Possible Cobaltstrike C2 IP
107.148.62.239,Possible Cobaltstrike C2 IP
107.172.130.140,Possible Cobaltstrike C2 IP
107.172.201.137,Possible Cobaltstrike C2 IP
107.172.206.242,Possible Cobaltstrike C2 IP
107.172.206.62,Possible Cobaltstrike C2 IP
107.172.87.128,Possible Cobaltstrike C2 IP
107.173.111.16,Possible Cobaltstrike C2 IP
107.173.122.150,Possible Cobaltstrike C2 IP
107.173.122.167,Possible Cobaltstrike C2 IP
107.173.146.153,Possible Cobaltstrike C2 IP
107.173.15.17,Possible Cobaltstrike C2 IP
107.173.153.171,Possible Cobaltstrike C2 IP
107.173.157.243,Possible Cobaltstrike C2 IP
107.173.251.222,Possible Cobaltstrike C2 IP
107.174.115.126,Possible Cobaltstrike C2 IP
107.174.115.79,Possible Cobaltstrike C2 IP
107.174.138.166,Possible Cobaltstrike C2 IP
107.174.192.58,Possible Cobaltstrike C2 IP
107.174.64.112,Possible Cobaltstrike C2 IP
107.174.66.104,Possible Cobaltstrike C2 IP
107.174.95.78,Possible Cobaltstrike C2 IP
107.175.111.199,Possible Cobaltstrike C2 IP
107.175.142.60,Possible Cobaltstrike C2 IP
107.175.245.165,Possible Cobaltstrike C2 IP
107.189.12.159,Possible Cobaltstrike C2 IP
107.189.3.19,Possible Cobaltstrike C2 IP
107.189.31.184,Possible Cobaltstrike C2 IP
109.206.245.161,Possible Cobaltstrike C2 IP
110.185.104.124,Possible Cobaltstrike C2 IP
110.40.184.247,Possible Cobaltstrike C2 IP
110.40.195.32,Possible Cobaltstrike C2 IP
110.41.154.211,Possible Metasploit C2 IP
110.41.162.116,Possible Cobaltstrike C2 IP
110.42.205.49,Possible Cobaltstrike C2 IP
110.42.213.232,Possible Cobaltstrike C2 IP
110.42.229.51,Possible Cobaltstrike C2 IP
110.42.234.190,Possible Cobaltstrike C2 IP
110.81.153.75,Possible Cobaltstrike C2 IP
111.229.10.49,Possible Cobaltstrike C2 IP
111.229.97.178,Possible Cobaltstrike C2 IP
111.230.103.22,Possible Cobaltstrike C2 IP
111.230.11.169,Possible Cobaltstrike C2 IP
111.230.111.193,Possible Cobaltstrike C2 IP
111.230.194.172,Possible Cobaltstrike C2 IP
111.230.242.129,Possible Cobaltstrike C2 IP
111.230.26.9,Possible Cobaltstrike C2 IP
111.230.30.197,Possible Cobaltstrike C2 IP
111.230.42.149,Possible Cobaltstrike C2 IP
111.230.71.198,Possible Cobaltstrike C2 IP
111.230.74.60,Possible Cobaltstrike C2 IP
111.230.80.153,Possible Cobaltstrike C2 IP
111.231.11.43,Possible Cobaltstrike C2 IP
111.231.21.83,Possible Cobaltstrike C2 IP
111.231.24.230,Possible Cobaltstrike C2 IP
111.231.28.170,Possible Cobaltstrike C2 IP
111.231.28.26,Possible Cobaltstrike C2 IP
111.67.194.17,Possible Cobaltstrike C2 IP
111.67.197.76,Possible Cobaltstrike C2 IP
111.67.199.43,Possible Cobaltstrike C2 IP
111.90.143.37,Possible Metasploit C2 IP
111.90.146.161,Possible Cobaltstrike C2 IP
111.90.149.46,Possible Metasploit C2 IP
111.92.241.196,Possible Cobaltstrike C2 IP
112.124.14.64,Possible Cobaltstrike C2 IP
112.124.53.64,Possible Cobaltstrike C2 IP
112.124.64.37,Possible Cobaltstrike C2 IP
112.74.181.96,Possible Cobaltstrike C2 IP
112.74.184.37,Possible Cobaltstrike C2 IP
112.91.164.42,Possible Cobaltstrike C2 IP
113.50.0.109,Possible Cobaltstrike C2 IP
114.115.150.139,Possible Cobaltstrike C2 IP
114.115.160.181,Possible Cobaltstrike C2 IP
114.115.178.231,Possible Cobaltstrike C2 IP
114.115.184.15,Possible Cobaltstrike C2 IP
114.115.185.41,Possible Cobaltstrike C2 IP
114.115.185.63,Possible Cobaltstrike C2 IP
114.115.210.125,Possible Cobaltstrike C2 IP
114.115.212.24,Possible Cobaltstrike C2 IP
114.115.218.16,Possible Cobaltstrike C2 IP
114.115.220.3,Possible Cobaltstrike C2 IP
114.118.4.166,Possible Cobaltstrike C2 IP
114.132.150.96,Possible Cobaltstrike C2 IP
114.132.156.55,Possible Cobaltstrike C2 IP
114.132.167.45,Possible Cobaltstrike C2 IP
114.132.172.91,Possible Cobaltstrike C2 IP
114.132.199.254,Possible Metasploit C2 IP
114.132.234.149,Possible Cobaltstrike C2 IP
114.132.243.226,Possible Cobaltstrike C2 IP
114.132.59.185,Possible Cobaltstrike C2 IP
114.132.73.232,Possible Cobaltstrike C2 IP
114.132.76.158,Possible Cobaltstrike C2 IP
114.132.76.18,Possible Cobaltstrike C2 IP
114.55.103.128,Possible Cobaltstrike C2 IP
114.55.106.100,Possible Cobaltstrike C2 IP
114.55.244.175,Possible Cobaltstrike C2 IP
114.67.229.116,Possible Cobaltstrike C2 IP
115.159.200.81,Possible Cobaltstrike C2 IP
115.159.205.225,Possible Cobaltstrike C2 IP
115.29.171.175,Possible Cobaltstrike C2 IP
116.196.69.39,Possible Cobaltstrike C2 IP
116.198.11.22,Possible Cobaltstrike C2 IP
116.198.18.133,Possible Cobaltstrike C2 IP
116.198.18.151,Possible Cobaltstrike C2 IP
116.204.115.160,Possible Cobaltstrike C2 IP
116.204.65.190,Possible Cobaltstrike C2 IP
116.204.65.207,Possible Cobaltstrike C2 IP
116.204.71.232,Possible Cobaltstrike C2 IP
116.204.77.75,Possible Cobaltstrike C2 IP
116.204.79.57,Possible Metasploit C2 IP
116.204.81.202,Possible Cobaltstrike C2 IP
116.204.85.141,Possible Cobaltstrike C2 IP
116.204.91.166,Possible Cobaltstrike C2 IP
116.205.140.54,Possible Cobaltstrike C2 IP
116.205.188.190,Possible Cobaltstrike C2 IP
116.205.232.186,Possible Cobaltstrike C2 IP
116.211.148.181,Possible Cobaltstrike C2 IP
116.62.180.202,Possible Cobaltstrike C2 IP
116.62.188.205,Possible Cobaltstrike C2 IP
116.62.218.6,Possible Cobaltstrike C2 IP
116.62.7.54,Possible Cobaltstrike C2 IP
116.63.140.226,Possible Cobaltstrike C2 IP
116.63.162.119,Possible Cobaltstrike C2 IP
116.63.173.221,Possible Cobaltstrike C2 IP
116.63.185.222,Possible Cobaltstrike C2 IP
117.18.13.220,Possible Cobaltstrike C2 IP
117.25.130.94,Possible Cobaltstrike C2 IP
117.50.163.113,Possible Cobaltstrike C2 IP
117.50.174.131,Possible Cobaltstrike C2 IP
117.50.176.248,Possible Cobaltstrike C2 IP
117.50.182.87,Possible Cobaltstrike C2 IP
117.50.183.12,Possible Cobaltstrike C2 IP
117.50.184.22,Possible Cobaltstrike C2 IP
117.50.185.74,Possible Cobaltstrike C2 IP
117.50.187.164,Possible Cobaltstrike C2 IP
117.50.187.39,Possible Cobaltstrike C2 IP
117.50.192.220,Possible Cobaltstrike C2 IP
117.50.193.69,Possible Cobaltstrike C2 IP
117.50.37.182,Possible Cobaltstrike C2 IP
117.62.217.78,Possible Cobaltstrike C2 IP
117.72.16.240,Possible Cobaltstrike C2 IP
117.78.20.229,Possible Cobaltstrike C2 IP
118.126.95.13,Possible Cobaltstrike C2 IP
118.178.133.227,Possible Cobaltstrike C2 IP
118.190.210.23,Possible Cobaltstrike C2 IP
118.195.140.170,Possible Cobaltstrike C2 IP
118.195.144.216,Possible Cobaltstrike C2 IP
118.195.145.185,Possible Cobaltstrike C2 IP
118.195.175.127,Possible Cobaltstrike C2 IP
118.195.179.203,Possible Cobaltstrike C2 IP
118.195.181.106,Possible Cobaltstrike C2 IP
118.195.184.126,Possible Cobaltstrike C2 IP
118.195.193.27,Possible Cobaltstrike C2 IP
118.195.198.108,Possible Cobaltstrike C2 IP
118.195.228.82,Possible Cobaltstrike C2 IP
118.195.232.76,Possible Cobaltstrike C2 IP
118.24.128.43,Possible Cobaltstrike C2 IP
118.24.2.129,Possible Cobaltstrike C2 IP
118.24.37.245,Possible Cobaltstrike C2 IP
118.31.164.133,Possible Cobaltstrike C2 IP
118.31.248.229,Possible Cobaltstrike C2 IP
118.31.70.238,Possible Cobaltstrike C2 IP
118.31.8.234,Possible Cobaltstrike C2 IP
118.89.115.108,Possible Cobaltstrike C2 IP
118.89.125.171,Possible Cobaltstrike C2 IP
118.89.71.205,Possible Cobaltstrike C2 IP
119.13.106.46,Possible Cobaltstrike C2 IP
119.13.90.176,Possible Cobaltstrike C2 IP
119.148.49.49,Possible Cobaltstrike C2 IP
119.18.157.142,Possible Cobaltstrike C2 IP
119.251.162.17,Possible Metasploit C2 IP
119.29.82.40,Possible Cobaltstrike C2 IP
119.3.12.54,Possible Cobaltstrike C2 IP
119.3.194.221,Possible Cobaltstrike C2 IP
119.3.220.62,Possible Cobaltstrike C2 IP
119.3.236.233,Possible Cobaltstrike C2 IP
119.3.252.237,Possible Cobaltstrike C2 IP
119.45.11.236,Possible Cobaltstrike C2 IP
119.45.142.192,Possible Cobaltstrike C2 IP
119.45.191.104,Possible Cobaltstrike C2 IP
119.45.205.142,Possible Cobaltstrike C2 IP
119.45.243.177,Possible Cobaltstrike C2 IP
119.45.252.164,Possible Cobaltstrike C2 IP
119.91.109.228,Possible Cobaltstrike C2 IP
119.91.145.178,Possible Cobaltstrike C2 IP
119.91.20.97,Possible Cobaltstrike C2 IP
119.91.210.105,Possible Cobaltstrike C2 IP
119.91.217.230,Possible Cobaltstrike C2 IP
119.91.31.184,Possible Cobaltstrike C2 IP
119.91.31.246,Possible Cobaltstrike C2 IP
119.96.110.41,Possible Cobaltstrike C2 IP
119.96.233.154,Possible Cobaltstrike C2 IP
120.232.254.134,Possible Cobaltstrike C2 IP
120.24.38.217,Possible Cobaltstrike C2 IP
120.25.207.14,Possible Cobaltstrike C2 IP
120.26.101.16,Possible Cobaltstrike C2 IP
120.26.168.179,Possible Cobaltstrike C2 IP
120.26.192.139,Possible Cobaltstrike C2 IP
120.26.195.78,Possible Cobaltstrike C2 IP
120.26.46.50,Possible Cobaltstrike C2 IP
120.26.50.204,Possible Cobaltstrike C2 IP
120.26.72.194,Possible Cobaltstrike C2 IP
120.27.210.80,Possible Cobaltstrike C2 IP
120.27.94.139,Possible Cobaltstrike C2 IP
120.46.164.123,Possible Cobaltstrike C2 IP
120.46.169.156,Possible Cobaltstrike C2 IP
120.46.173.229,Possible Cobaltstrike C2 IP
120.46.210.49,Possible Cobaltstrike C2 IP
120.46.211.40,Possible Cobaltstrike C2 IP
120.46.213.150,Possible Metasploit C2 IP
120.46.219.85,Possible Cobaltstrike C2 IP
120.46.39.64,Possible Cobaltstrike C2 IP
120.48.101.89,Possible Cobaltstrike C2 IP
120.48.116.48,Possible Cobaltstrike C2 IP
120.48.117.104,Possible Cobaltstrike C2 IP
120.48.12.88,Possible Cobaltstrike C2 IP
120.48.62.132,Possible Cobaltstrike C2 IP
120.48.74.67,Possible Cobaltstrike C2 IP
120.48.83.89,Possible Cobaltstrike C2 IP
120.53.220.154,Possible Cobaltstrike C2 IP
120.53.94.50,Possible Cobaltstrike C2 IP
120.55.191.186,Possible Cobaltstrike C2 IP
120.55.240.205,Possible Cobaltstrike C2 IP
120.72.117.131,Possible Cobaltstrike C2 IP
120.76.173.159,Possible Cobaltstrike C2 IP
120.77.1.92,Possible Cobaltstrike C2 IP
120.77.99.114,Possible Cobaltstrike C2 IP
120.78.135.166,Possible Cobaltstrike C2 IP
120.78.156.73,Possible Cobaltstrike C2 IP
120.78.189.210,Possible Cobaltstrike C2 IP
120.78.195.79,Possible Cobaltstrike C2 IP
120.78.91.212,Possible Cobaltstrike C2 IP
120.79.230.62,Possible Cobaltstrike C2 IP
120.79.64.164,Possible Cobaltstrike C2 IP
120.89.46.150,Possible Metasploit C2 IP
121.196.198.11,Possible Cobaltstrike C2 IP
121.196.200.132,Possible Cobaltstrike C2 IP
121.196.210.161,Possible Cobaltstrike C2 IP
121.196.235.124,Possible Cobaltstrike C2 IP
121.199.21.219,Possible Cobaltstrike C2 IP
121.199.32.167,Possible Cobaltstrike C2 IP
121.36.18.243,Possible Cobaltstrike C2 IP
121.36.203.14,Possible Cobaltstrike C2 IP
121.36.225.82,Possible Cobaltstrike C2 IP
121.36.52.164,Possible Cobaltstrike C2 IP
121.36.55.149,Possible Cobaltstrike C2 IP
121.36.61.57,Possible Cobaltstrike C2 IP
121.36.81.223,Possible Cobaltstrike C2 IP
121.37.137.243,Possible Cobaltstrike C2 IP
121.37.191.139,Possible Cobaltstrike C2 IP
121.37.198.144,Possible Cobaltstrike C2 IP
121.37.208.189,Possible Cobaltstrike C2 IP
121.37.27.3,Possible Cobaltstrike C2 IP
121.37.30.28,Possible Cobaltstrike C2 IP
121.4.111.221,Possible Cobaltstrike C2 IP
121.4.115.219,Possible Cobaltstrike C2 IP
121.4.154.20,Possible Cobaltstrike C2 IP
121.4.237.161,Possible Cobaltstrike C2 IP
121.4.254.197,Possible Cobaltstrike C2 IP
121.4.34.103,Possible Cobaltstrike C2 IP
121.4.49.155,Possible Cobaltstrike C2 IP
121.4.50.245,Possible Cobaltstrike C2 IP
121.4.52.176,Possible Cobaltstrike C2 IP
121.4.64.103,Possible Cobaltstrike C2 IP
121.4.69.24,Possible Cobaltstrike C2 IP
121.4.88.169,Possible Cobaltstrike C2 IP
121.4.97.5,Possible Cobaltstrike C2 IP
121.40.119.94,Possible Cobaltstrike C2 IP
121.40.127.134,Possible Cobaltstrike C2 IP
121.40.133.193,Possible Cobaltstrike C2 IP
121.40.19.66,Possible Cobaltstrike C2 IP
121.40.234.72,Possible Cobaltstrike C2 IP
121.40.65.171,Possible Cobaltstrike C2 IP
121.41.179.124,Possible Cobaltstrike C2 IP
121.41.216.139,Possible Cobaltstrike C2 IP
121.43.111.5,Possible Cobaltstrike C2 IP
121.43.185.147,Possible Cobaltstrike C2 IP
121.43.189.59,Possible Cobaltstrike C2 IP
121.43.35.47,Possible Cobaltstrike C2 IP
121.43.52.24,Possible Cobaltstrike C2 IP
121.46.6.208,Possible Cobaltstrike C2 IP
121.5.102.72,Possible Cobaltstrike C2 IP
121.5.110.242,Possible Cobaltstrike C2 IP
121.5.128.191,Possible Cobaltstrike C2 IP
121.5.129.43,Possible Cobaltstrike C2 IP
121.5.134.64,Possible Cobaltstrike C2 IP
121.5.136.224,Possible Cobaltstrike C2 IP
121.5.166.38,Possible Cobaltstrike C2 IP
121.5.167.18,Possible Cobaltstrike C2 IP
121.5.235.93,Possible Cobaltstrike C2 IP
121.5.5.192,Possible Cobaltstrike C2 IP
121.5.64.8,Possible Cobaltstrike C2 IP
121.5.66.186,Possible Cobaltstrike C2 IP
122.112.192.110,Possible Cobaltstrike C2 IP
122.152.234.71,Possible Cobaltstrike C2 IP
122.152.237.207,Possible Cobaltstrike C2 IP
122.51.206.18,Possible Cobaltstrike C2 IP
122.51.226.39,Possible Cobaltstrike C2 IP
122.51.97.82,Possible Cobaltstrike C2 IP
122.9.160.41,Possible Cobaltstrike C2 IP
123.207.41.129,Possible Cobaltstrike C2 IP
123.207.5.159,Possible Cobaltstrike C2 IP
123.207.51.53,Possible Cobaltstrike C2 IP
123.207.71.32,Possible Cobaltstrike C2 IP
123.207.8.141,Possible Cobaltstrike C2 IP
123.249.100.157,Possible Cobaltstrike C2 IP
123.249.100.70,Possible Cobaltstrike C2 IP
123.249.28.204,Possible Cobaltstrike C2 IP
123.249.41.106,Possible Cobaltstrike C2 IP
123.249.5.106,Possible Cobaltstrike C2 IP
123.249.5.196,Possible Cobaltstrike C2 IP
123.249.8.26,Possible Cobaltstrike C2 IP
123.249.91.163,Possible Cobaltstrike C2 IP
123.56.128.182,Possible Cobaltstrike C2 IP
123.56.140.68,Possible Cobaltstrike C2 IP
123.56.182.17,Possible Cobaltstrike C2 IP
123.56.182.36,Possible Cobaltstrike C2 IP
123.56.218.129,Possible Cobaltstrike C2 IP
123.56.223.184,Possible Cobaltstrike C2 IP
123.56.226.153,Possible Cobaltstrike C2 IP
123.56.40.142,Possible Cobaltstrike C2 IP
123.56.75.209,Possible Cobaltstrike C2 IP
123.57.143.92,Possible Cobaltstrike C2 IP
123.57.174.182,Possible Cobaltstrike C2 IP
123.57.184.200,Possible Cobaltstrike C2 IP
123.57.53.112,Possible Cobaltstrike C2 IP
123.57.74.202,Possible Cobaltstrike C2 IP
123.57.86.165,Possible Cobaltstrike C2 IP
123.60.139.38,Possible Cobaltstrike C2 IP
123.60.150.29,Possible Cobaltstrike C2 IP
123.60.156.17,Possible Cobaltstrike C2 IP
123.60.156.187,Possible PoshC2 IP
123.60.165.221,Possible Cobaltstrike C2 IP
123.60.183.195,Possible Cobaltstrike C2 IP
123.60.2.196,Possible Cobaltstrike C2 IP
123.60.43.138,Possible Cobaltstrike C2 IP
123.60.74.61,Possible Cobaltstrike C2 IP
123.60.84.194,Possible Cobaltstrike C2 IP
123.60.89.125,Possible Cobaltstrike C2 IP
123.60.91.195,Possible Cobaltstrike C2 IP
124.220.10.78,Possible Cobaltstrike C2 IP
124.220.100.222,Possible Cobaltstrike C2 IP
124.220.148.109,Possible Cobaltstrike C2 IP
124.220.160.23,Possible Cobaltstrike C2 IP
124.220.160.248,Possible Cobaltstrike C2 IP
124.220.162.36,Possible Cobaltstrike C2 IP
124.220.180.112,Possible Cobaltstrike C2 IP
124.220.180.202,Possible Cobaltstrike C2 IP
124.220.182.36,Possible Cobaltstrike C2 IP
124.220.19.234,Possible Cobaltstrike C2 IP
124.220.210.41,Possible Cobaltstrike C2 IP
124.220.215.247,Possible Cobaltstrike C2 IP
124.220.28.253,Possible Cobaltstrike C2 IP
124.220.29.161,Possible Cobaltstrike C2 IP
124.220.32.134,Possible Cobaltstrike C2 IP
124.220.45.192,Possible Cobaltstrike C2 IP
124.220.49.74,Possible Cobaltstrike C2 IP
124.220.58.136,Possible Cobaltstrike C2 IP
124.220.7.195,Possible Cobaltstrike C2 IP
124.220.77.188,Possible Cobaltstrike C2 IP
124.220.91.113,Possible Cobaltstrike C2 IP
124.221.123.55,Possible Cobaltstrike C2 IP
124.221.126.235,Possible Cobaltstrike C2 IP
124.221.130.110,Possible Cobaltstrike C2 IP
124.221.130.246,Possible Cobaltstrike C2 IP
124.221.133.199,Possible Cobaltstrike C2 IP
124.221.152.208,Possible Cobaltstrike C2 IP
124.221.155.229,Possible Cobaltstrike C2 IP
124.221.177.165,Possible Cobaltstrike C2 IP
124.221.183.95,Possible Cobaltstrike C2 IP
124.221.219.154,Possible Cobaltstrike C2 IP
124.221.236.95,Possible Cobaltstrike C2 IP
124.221.237.165,Possible Cobaltstrike C2 IP
124.221.246.224,Possible Cobaltstrike C2 IP
124.221.58.61,Possible Cobaltstrike C2 IP
124.221.66.75,Possible Cobaltstrike C2 IP
124.221.74.201,Possible Cobaltstrike C2 IP
124.221.74.23,Possible Cobaltstrike C2 IP
124.221.76.197,Possible Cobaltstrike C2 IP
124.221.77.45,Possible Cobaltstrike C2 IP
124.222.103.13,Possible Cobaltstrike C2 IP
124.222.111.174,Possible Cobaltstrike C2 IP
124.222.129.148,Possible Cobaltstrike C2 IP
124.222.14.232,Possible Cobaltstrike C2 IP
124.222.144.23,Possible Cobaltstrike C2 IP
124.222.147.8,Possible Cobaltstrike C2 IP
124.222.16.73,Possible Cobaltstrike C2 IP
124.222.220.126,Possible Cobaltstrike C2 IP
124.222.239.153,Possible Cobaltstrike C2 IP
124.222.24.208,Possible Cobaltstrike C2 IP
124.222.25.251,Possible Cobaltstrike C2 IP
124.222.25.63,Possible Cobaltstrike C2 IP
124.222.3.42,Possible Cobaltstrike C2 IP
124.222.32.173,Possible Cobaltstrike C2 IP
124.222.57.223,Possible Cobaltstrike C2 IP
124.222.64.203,Possible Cobaltstrike C2 IP
124.222.88.246,Possible Cobaltstrike C2 IP
124.223.10.136,Possible Cobaltstrike C2 IP
124.223.12.122,Possible Cobaltstrike C2 IP
124.223.13.142,Possible Cobaltstrike C2 IP
124.223.156.185,Possible Cobaltstrike C2 IP
124.223.177.244,Possible Cobaltstrike C2 IP
124.223.188.158,Possible Cobaltstrike C2 IP
124.223.189.175,Possible Cobaltstrike C2 IP
124.223.199.144,Possible Cobaltstrike C2 IP
124.223.200.131,Possible Cobaltstrike C2 IP
124.223.22.86,Possible Cobaltstrike C2 IP
124.223.6.231,Possible Cobaltstrike C2 IP
124.223.65.79,Possible Cobaltstrike C2 IP
124.223.76.130,Possible Cobaltstrike C2 IP
124.223.79.199,Possible Cobaltstrike C2 IP
124.223.83.171,Possible Cobaltstrike C2 IP
124.223.91.53,Possible Cobaltstrike C2 IP
124.223.96.251,Possible Cobaltstrike C2 IP
124.70.100.184,Possible Cobaltstrike C2 IP
124.70.133.79,Possible Cobaltstrike C2 IP
124.70.159.242,Possible Cobaltstrike C2 IP
124.70.17.37,Possible Cobaltstrike C2 IP
124.70.199.215,Possible Cobaltstrike C2 IP
124.70.53.30,Possible Cobaltstrike C2 IP
124.70.72.55,Possible Cobaltstrike C2 IP
124.70.82.229,Possible Cobaltstrike C2 IP
124.71.130.71,Possible Cobaltstrike C2 IP
124.71.202.107,Possible Cobaltstrike C2 IP
124.71.205.116,Possible Cobaltstrike C2 IP
124.71.212.123,Possible Cobaltstrike C2 IP
124.71.215.112,Possible Cobaltstrike C2 IP
124.71.230.106,Possible Cobaltstrike C2 IP
124.71.26.85,Possible Cobaltstrike C2 IP
124.71.34.132,Possible Cobaltstrike C2 IP
124.71.39.203,Possible Cobaltstrike C2 IP
124.71.84.65,Possible Cobaltstrike C2 IP
125.124.50.87,Possible Cobaltstrike C2 IP
125.128.113.108,Possible Cobaltstrike C2 IP
125.75.36.120,Possible Cobaltstrike C2 IP
128.199.192.131,Possible Cobaltstrike C2 IP
129.150.43.163,Possible Cobaltstrike C2 IP
129.211.163.19,Possible Cobaltstrike C2 IP
129.211.211.145,Possible Cobaltstrike C2 IP
129.211.217.209,Possible Cobaltstrike C2 IP
129.211.222.142,Possible Cobaltstrike C2 IP
129.226.147.90,Possible Cobaltstrike C2 IP
129.226.207.99,Possible Cobaltstrike C2 IP
13.231.45.178,Possible Cobaltstrike C2 IP
13.239.135.152,Possible PoshC2 IP
13.48.123.193,Possible Cobaltstrike C2 IP
13.82.99.209,Possible Cobaltstrike C2 IP
13.92.24.109,Possible Cobaltstrike C2 IP
132.232.102.57,Possible Cobaltstrike C2 IP
132.232.103.48,Possible Cobaltstrike C2 IP
134.122.0.130,Possible Cobaltstrike C2 IP
134.122.189.80,Possible Cobaltstrike C2 IP
134.122.189.84,Possible Cobaltstrike C2 IP
134.122.190.146,Possible Cobaltstrike C2 IP
134.122.190.167,Possible Cobaltstrike C2 IP
134.122.59.61,Possible Cobaltstrike C2 IP
134.209.103.212,Possible Cobaltstrike C2 IP
134.209.221.114,Possible Cobaltstrike C2 IP
135.125.201.221,Possible Cobaltstrike C2 IP
136.243.103.214,Possible Metasploit C2 IP
137.135.116.163,Possible Cobaltstrike C2 IP
137.175.19.153,Possible Cobaltstrike C2 IP
137.175.50.174,Possible Cobaltstrike C2 IP
137.175.66.169,Possible Cobaltstrike C2 IP
137.184.101.24,Possible Cobaltstrike C2 IP
137.184.137.107,Possible Cobaltstrike C2 IP
137.184.237.252,Possible Cobaltstrike C2 IP
137.184.25.81,Possible Cobaltstrike C2 IP
137.184.42.206,Possible Cobaltstrike C2 IP
137.220.133.105,Possible Cobaltstrike C2 IP
138.99.216.141,Possible Cobaltstrike C2 IP
139.155.0.238,Possible Cobaltstrike C2 IP
139.155.126.141,Possible Cobaltstrike C2 IP
139.155.134.60,Possible Cobaltstrike C2 IP
139.155.139.51,Possible Cobaltstrike C2 IP
139.155.154.67,Possible Cobaltstrike C2 IP
139.155.157.157,Possible Cobaltstrike C2 IP
139.155.159.81,Possible Cobaltstrike C2 IP
139.155.176.59,Possible Cobaltstrike C2 IP
139.155.42.254,Possible Cobaltstrike C2 IP
139.155.90.81,Possible Cobaltstrike C2 IP
139.159.196.229,Possible Cobaltstrike C2 IP
139.159.203.44,Possible Cobaltstrike C2 IP
139.159.214.232,Possible Cobaltstrike C2 IP
139.162.74.42,Possible Cobaltstrike C2 IP
139.180.144.171,Possible Cobaltstrike C2 IP
139.196.110.126,Possible Cobaltstrike C2 IP
139.196.200.179,Possible Cobaltstrike C2 IP
139.196.219.122,Possible Cobaltstrike C2 IP
139.196.235.8,Possible Cobaltstrike C2 IP
139.196.47.225,Possible Cobaltstrike C2 IP
139.198.181.40,Possible Cobaltstrike C2 IP
139.198.187.234,Possible Cobaltstrike C2 IP
139.199.180.136,Possible Cobaltstrike C2 IP
139.199.191.43,Possible Cobaltstrike C2 IP
139.199.3.221,Possible Cobaltstrike C2 IP
139.224.207.208,Possible Cobaltstrike C2 IP
139.59.102.49,Possible Cobaltstrike C2 IP
139.59.139.136,Possible Cobaltstrike C2 IP
139.59.252.173,Possible Cobaltstrike C2 IP
139.59.77.99,Possible Cobaltstrike C2 IP
139.84.143.119,Possible Cobaltstrike C2 IP
139.84.143.50,Possible Cobaltstrike C2 IP
139.9.134.16,Possible Cobaltstrike C2 IP
139.9.142.162,Possible Cobaltstrike C2 IP
139.9.151.71,Possible Cobaltstrike C2 IP
139.9.219.217,Possible Cobaltstrike C2 IP
139.9.41.156,Possible Cobaltstrike C2 IP
139.9.41.77,Possible Cobaltstrike C2 IP
139.9.68.173,Possible Cobaltstrike C2 IP
139.99.118.61,Possible Cobaltstrike C2 IP
14.29.170.11,Possible Cobaltstrike C2 IP
14.29.187.171,Possible Cobaltstrike C2 IP
140.143.139.139,Possible Cobaltstrike C2 IP
140.143.232.178,Possible Cobaltstrike C2 IP
140.210.212.191,Possible Cobaltstrike C2 IP
140.99.19.231,Possible Cobaltstrike C2 IP
140.99.2.202,Possible Cobaltstrike C2 IP
140.99.32.207,Possible Cobaltstrike C2 IP
141.164.49.27,Possible Cobaltstrike C2 IP
141.255.152.20,Possible Cobaltstrike C2 IP
141.255.156.123,Possible Cobaltstrike C2 IP
141.255.164.35,Possible Cobaltstrike C2 IP
141.98.234.17,Possible Cobaltstrike C2 IP
141.98.6.171,Possible Cobaltstrike C2 IP
142.93.130.115,Possible Cobaltstrike C2 IP
142.93.2.25,Possible Cobaltstrike C2 IP
143.110.147.192,Possible Cobaltstrike C2 IP
143.110.182.158,Possible Cobaltstrike C2 IP
143.198.111.217,Possible Cobaltstrike C2 IP
143.92.36.12,Possible Cobaltstrike C2 IP
143.92.36.23,Possible Cobaltstrike C2 IP
143.92.36.48,Possible Cobaltstrike C2 IP
143.92.39.125,Possible Cobaltstrike C2 IP
143.92.58.97,Possible Cobaltstrike C2 IP
143.92.59.14,Possible Cobaltstrike C2 IP
144.202.100.202,Possible Cobaltstrike C2 IP
146.19.253.110,Possible Cobaltstrike C2 IP
146.190.87.201,Possible Cobaltstrike C2 IP
146.56.196.43,Possible Cobaltstrike C2 IP
146.56.239.142,Possible Cobaltstrike C2 IP
146.70.161.20,Possible Cobaltstrike C2 IP
146.70.79.23,Possible Cobaltstrike C2 IP
147.182.170.15,Possible Powershell Empire C2 IP
147.182.229.244,Possible Cobaltstrike C2 IP
147.78.47.184,Possible Cobaltstrike C2 IP
149.129.72.37,Possible Cobaltstrike C2 IP
149.28.130.233,Possible Cobaltstrike C2 IP
149.28.146.218,Possible Cobaltstrike C2 IP
149.28.16.242,Possible Cobaltstrike C2 IP
149.28.186.74,Possible Cobaltstrike C2 IP
149.28.82.193,Possible Cobaltstrike C2 IP
15.235.147.187,Possible Cobaltstrike C2 IP
15.235.186.181,Possible Cobaltstrike C2 IP
150.107.2.103,Possible Metasploit C2 IP
150.107.3.22,Possible Metasploit C2 IP
150.158.100.126,Possible Cobaltstrike C2 IP
150.158.100.162,Possible Cobaltstrike C2 IP
150.158.13.117,Possible Cobaltstrike C2 IP
150.158.137.72,Possible Cobaltstrike C2 IP
150.158.155.208,Possible Cobaltstrike C2 IP
150.158.180.97,Possible Cobaltstrike C2 IP
150.158.181.243,Possible Cobaltstrike C2 IP
150.158.212.71,Possible Cobaltstrike C2 IP
150.158.31.222,Possible Cobaltstrike C2 IP
150.158.37.125,Possible Cobaltstrike C2 IP
150.158.41.176,Possible Cobaltstrike C2 IP
150.158.49.33,Possible Cobaltstrike C2 IP
150.158.51.99,Possible Cobaltstrike C2 IP
150.158.53.87,Possible Cobaltstrike C2 IP
150.158.75.102,Possible Cobaltstrike C2 IP
150.230.201.17,Possible Cobaltstrike C2 IP
152.136.104.49,Possible Cobaltstrike C2 IP
152.136.170.204,Possible Cobaltstrike C2 IP
152.136.173.33,Possible Cobaltstrike C2 IP
152.136.44.210,Possible Cobaltstrike C2 IP
152.32.145.237,Possible Cobaltstrike C2 IP
152.32.191.36,Possible Cobaltstrike C2 IP
152.67.117.125,Possible Cobaltstrike C2 IP
152.67.249.70,Possible Cobaltstrike C2 IP
152.89.198.29,Possible Cobaltstrike C2 IP
154.196.13.135,Possible Cobaltstrike C2 IP
154.196.13.153,Possible Cobaltstrike C2 IP
154.22.125.199,Possible Cobaltstrike C2 IP
154.22.125.222,Possible Cobaltstrike C2 IP
154.22.125.233,Possible Cobaltstrike C2 IP
154.221.17.44,Possible Cobaltstrike C2 IP
154.23.248.180,Possible Cobaltstrike C2 IP
154.26.134.72,Possible Cobaltstrike C2 IP
154.31.166.133,Possible Cobaltstrike C2 IP
154.31.20.75,Possible Cobaltstrike C2 IP
154.39.240.110,Possible Cobaltstrike C2 IP
154.39.240.113,Possible Cobaltstrike C2 IP
154.39.240.123,Possible Cobaltstrike C2 IP
154.40.46.31,Possible Cobaltstrike C2 IP
154.40.54.240,Possible Cobaltstrike C2 IP
154.40.59.21,Possible Cobaltstrike C2 IP
154.55.138.224,Possible Metasploit C2 IP
154.7.14.10,Possible Cobaltstrike C2 IP
154.8.193.49,Possible Cobaltstrike C2 IP
154.83.17.116,Possible Cobaltstrike C2 IP
154.9.227.74,Possible Cobaltstrike C2 IP
154.9.230.92,Possible Cobaltstrike C2 IP
154.91.226.107,Possible Cobaltstrike C2 IP
155.94.170.73,Possible Cobaltstrike C2 IP
155.94.178.95,Possible Cobaltstrike C2 IP
156.224.14.13,Possible Cobaltstrike C2 IP
156.224.14.27,Possible Cobaltstrike C2 IP
156.224.26.227,Possible Cobaltstrike C2 IP
156.224.26.228,Possible Cobaltstrike C2 IP
156.224.8.18,Possible Cobaltstrike C2 IP
156.240.105.13,Possible Cobaltstrike C2 IP
156.240.105.4,Possible Cobaltstrike C2 IP
156.247.11.238,Possible Cobaltstrike C2 IP
157.230.113.232,Possible Cobaltstrike C2 IP
157.245.201.255,Possible Cobaltstrike C2 IP
157.245.6.44,Possible Metasploit C2 IP
157.245.74.45,Possible Cobaltstrike C2 IP
157.254.194.77,Possible Cobaltstrike C2 IP
158.101.144.105,Possible Cobaltstrike C2 IP
158.247.205.19,Possible Cobaltstrike C2 IP
158.247.221.28,Possible Cobaltstrike C2 IP
158.247.247.98,Possible Cobaltstrike C2 IP
159.100.29.76,Possible Metasploit C2 IP
159.203.164.157,Possible Cobaltstrike C2 IP
159.203.60.8,Possible Cobaltstrike C2 IP
159.223.72.123,Possible Cobaltstrike C2 IP
159.223.77.201,Possible Cobaltstrike C2 IP
159.65.136.204,Possible PoshC2 IP
159.65.140.50,Possible Cobaltstrike C2 IP
159.65.208.37,Possible Cobaltstrike C2 IP
159.65.60.36,Possible Powershell Empire C2 IP
159.65.89.159,Possible Cobaltstrike C2 IP
159.75.139.251,Possible Cobaltstrike C2 IP
159.75.155.203,Possible Cobaltstrike C2 IP
159.75.166.122,Possible Cobaltstrike C2 IP
159.75.170.201,Possible Cobaltstrike C2 IP
159.75.187.222,Possible Cobaltstrike C2 IP
159.75.254.173,Possible Cobaltstrike C2 IP
159.75.26.73,Possible Cobaltstrike C2 IP
159.75.94.111,Possible Cobaltstrike C2 IP
16.163.99.132,Possible Cobaltstrike C2 IP
160.202.15.15,Possible Cobaltstrike C2 IP
161.35.155.87,Possible Cobaltstrike C2 IP
161.35.168.216,Possible Cobaltstrike C2 IP
162.14.100.23,Possible Cobaltstrike C2 IP
162.14.107.239,Possible Cobaltstrike C2 IP
162.14.109.90,Possible Cobaltstrike C2 IP
162.14.209.70,Possible Cobaltstrike C2 IP
162.14.75.8,Possible Cobaltstrike C2 IP
162.14.77.157,Possible Cobaltstrike C2 IP
162.14.81.81,Possible Cobaltstrike C2 IP
162.14.97.126,Possible Cobaltstrike C2 IP
162.19.68.68,Possible Cobaltstrike C2 IP
162.212.158.164,Possible Cobaltstrike C2 IP
163.197.211.72,Possible Cobaltstrike C2 IP
163.197.212.47,Possible Cobaltstrike C2 IP
163.197.217.251,Possible Cobaltstrike C2 IP
163.197.220.64,Possible Cobaltstrike C2 IP
164.90.171.197,Possible Cobaltstrike C2 IP
164.90.197.108,Possible Metasploit C2 IP
165.154.113.120,Possible Cobaltstrike C2 IP
165.154.130.222,Possible Cobaltstrike C2 IP
165.154.131.126,Possible Cobaltstrike C2 IP
165.154.161.150,Possible Cobaltstrike C2 IP
165.22.186.220,Possible Cobaltstrike C2 IP
165.227.154.89,Possible Cobaltstrike C2 IP
165.232.114.60,Possible Cobaltstrike C2 IP
165.3.127.43,Possible Cobaltstrike C2 IP
166.1.18.100,Possible Cobaltstrike C2 IP
167.172.185.27,Possible Cobaltstrike C2 IP
167.172.44.235,Possible Cobaltstrike C2 IP
167.172.96.177,Possible Metasploit C2 IP
167.179.102.109,Possible Cobaltstrike C2 IP
167.179.114.165,Possible Cobaltstrike C2 IP
167.179.84.218,Possible Cobaltstrike C2 IP
167.99.176.64,Possible Cobaltstrike C2 IP
167.99.193.162,Possible Cobaltstrike C2 IP
167.99.239.248,Possible Cobaltstrike C2 IP
167.99.246.113,Possible Cobaltstrike C2 IP
167.99.52.241,Possible Cobaltstrike C2 IP
168.100.11.122,Possible Cobaltstrike C2 IP
169.239.129.23,Possible Metasploit C2 IP
170.130.165.100,Possible Cobaltstrike C2 IP
170.130.165.159,Possible Cobaltstrike C2 IP
170.130.172.35,Possible Cobaltstrike C2 IP
170.64.145.108,Possible Cobaltstrike C2 IP
170.64.169.229,Possible Cobaltstrike C2 IP
171.22.128.34,Possible Cobaltstrike C2 IP
172.105.192.139,Possible Cobaltstrike C2 IP
172.105.76.8,Possible PoshC2 IP
172.111.138.117,Possible Metasploit C2 IP
172.174.193.8,Possible Cobaltstrike C2 IP
172.245.27.233,Possible Cobaltstrike C2 IP
172.81.211.162,Possible Cobaltstrike C2 IP
172.86.127.13,Possible Cobaltstrike C2 IP
172.86.75.109,Possible Cobaltstrike C2 IP
172.93.181.174,Possible Cobaltstrike C2 IP
172.93.201.58,Possible Cobaltstrike C2 IP
173.242.121.173,Possible Cobaltstrike C2 IP
173.249.201.243,Possible Cobaltstrike C2 IP
173.82.235.208,Possible Cobaltstrike C2 IP
173.82.252.9,Possible Cobaltstrike C2 IP
173.82.79.254,Possible Cobaltstrike C2 IP
175.178.0.88,Possible Cobaltstrike C2 IP
175.178.113.63,Possible Cobaltstrike C2 IP
175.178.161.139,Possible Cobaltstrike C2 IP
175.178.17.166,Possible Cobaltstrike C2 IP
175.178.170.184,Possible Cobaltstrike C2 IP
175.178.174.131,Possible Cobaltstrike C2 IP
175.178.178.178,Possible Cobaltstrike C2 IP
175.178.180.234,Possible Cobaltstrike C2 IP
175.178.191.159,Possible Cobaltstrike C2 IP
175.178.213.59,Possible Cobaltstrike C2 IP
175.178.226.246,Possible Cobaltstrike C2 IP
175.178.226.246,Possible Metasploit C2 IP
175.178.242.75,Possible Cobaltstrike C2 IP
175.178.26.48,Possible Cobaltstrike C2 IP
175.178.35.25,Possible Cobaltstrike C2 IP
175.178.36.137,Possible Cobaltstrike C2 IP
175.178.41.181,Possible Cobaltstrike C2 IP
175.178.56.86,Possible Cobaltstrike C2 IP
175.178.73.141,Possible Cobaltstrike C2 IP
175.178.74.238,Possible Cobaltstrike C2 IP
175.178.79.10,Possible Cobaltstrike C2 IP
175.178.85.54,Possible Cobaltstrike C2 IP
175.24.163.235,Possible Cobaltstrike C2 IP
175.24.177.84,Possible Cobaltstrike C2 IP
175.24.184.174,Possible Cobaltstrike C2 IP
175.24.205.80,Possible Cobaltstrike C2 IP
175.24.207.93,Possible Cobaltstrike C2 IP
175.24.235.158,Possible Cobaltstrike C2 IP
175.27.160.250,Possible Cobaltstrike C2 IP
175.27.223.111,Possible Cobaltstrike C2 IP
175.27.240.50,Possible Cobaltstrike C2 IP
176.113.115.145,Possible Cobaltstrike C2 IP
178.128.119.236,Possible Cobaltstrike C2 IP
178.128.193.49,Possible Cobaltstrike C2 IP
178.62.216.199,Possible Cobaltstrike C2 IP
179.43.142.52,Possible Cobaltstrike C2 IP
179.43.142.73,Possible Cobaltstrike C2 IP
179.43.155.235,Possible Cobaltstrike C2 IP
179.43.189.250,Possible Cobaltstrike C2 IP
179.60.150.57,Possible Cobaltstrike C2 IP
18.116.33.255,Possible Cobaltstrike C2 IP
18.118.106.239,Possible Cobaltstrike C2 IP
18.169.33.186,Possible PoshC2 IP
18.179.3.141,Possible Metasploit C2 IP
18.183.252.90,Possible Cobaltstrike C2 IP
18.184.17.94,Possible Cobaltstrike C2 IP
18.193.48.7,Possible Cobaltstrike C2 IP
18.205.163.231,Possible Cobaltstrike C2 IP
18.212.64.222,Possible Cobaltstrike C2 IP
18.221.191.231,Possible Cobaltstrike C2 IP
18.224.165.207,Possible Cobaltstrike C2 IP
180.184.69.31,Possible Cobaltstrike C2 IP
180.76.146.71,Possible Cobaltstrike C2 IP
180.76.164.197,Possible Cobaltstrike C2 IP
180.76.99.119,Possible Cobaltstrike C2 IP
180.97.215.116,Possible Cobaltstrike C2 IP
181.214.39.102,Possible Cobaltstrike C2 IP
182.160.11.134,Possible Cobaltstrike C2 IP
182.254.137.24,Possible Cobaltstrike C2 IP
182.255.45.119,Possible Cobaltstrike C2 IP
182.43.71.62,Possible Cobaltstrike C2 IP
182.43.99.250,Possible Cobaltstrike C2 IP
182.61.16.51,Possible Cobaltstrike C2 IP
182.61.46.148,Possible Cobaltstrike C2 IP
182.86.188.66,Possible Cobaltstrike C2 IP
182.92.131.14,Possible Cobaltstrike C2 IP
182.92.181.146,Possible Cobaltstrike C2 IP
182.92.202.43,Possible Cobaltstrike C2 IP
182.92.207.125,Possible Cobaltstrike C2 IP
182.92.238.31,Possible Cobaltstrike C2 IP
182.92.240.152,Possible Cobaltstrike C2 IP
182.92.70.43,Possible Cobaltstrike C2 IP
182.92.71.20,Possible Cobaltstrike C2 IP
183.154.81.235,Possible Cobaltstrike C2 IP
185.105.1.233,Possible Cobaltstrike C2 IP
185.106.176.108,Possible Cobaltstrike C2 IP
185.109.48.179,Possible Cobaltstrike C2 IP
185.11.61.46,Possible Cobaltstrike C2 IP
185.11.61.85,Possible Cobaltstrike C2 IP
185.132.125.142,Possible Cobaltstrike C2 IP
185.135.77.107,Possible Powershell Empire C2 IP
185.149.146.15,Possible Cobaltstrike C2 IP
185.155.96.178,Possible Cobaltstrike C2 IP
185.158.94.217,Possible Cobaltstrike C2 IP
185.161.248.119,Possible Cobaltstrike C2 IP
185.163.116.210,Possible Powershell Empire C2 IP
185.163.45.156,Possible Cobaltstrike C2 IP
185.166.163.115,Possible Cobaltstrike C2 IP
185.183.94.24,Possible Cobaltstrike C2 IP
185.192.247.198,Possible Cobaltstrike C2 IP
185.201.8.66,Possible Cobaltstrike C2 IP
185.212.56.193,Possible Cobaltstrike C2 IP
185.22.154.160,Possible Cobaltstrike C2 IP
185.223.207.107,Possible Cobaltstrike C2 IP
185.224.139.82,Possible Cobaltstrike C2 IP
185.225.74.182,Possible Cobaltstrike C2 IP
185.239.225.87,Possible Cobaltstrike C2 IP
185.243.113.173,Possible Cobaltstrike C2 IP
185.3.45.6,Possible Cobaltstrike C2 IP
185.74.222.16,Possible Cobaltstrike C2 IP
185.80.202.72,Possible Cobaltstrike C2 IP
185.81.68.90,Possible Cobaltstrike C2 IP
188.166.179.67,Possible Cobaltstrike C2 IP
188.166.228.218,Possible Cobaltstrike C2 IP
188.166.242.172,Possible Cobaltstrike C2 IP
189.18.88.231,Possible Cobaltstrike C2 IP
190.123.44.150,Possible Cobaltstrike C2 IP
190.211.252.21,Possible Cobaltstrike C2 IP
192.144.198.126,Possible Cobaltstrike C2 IP
192.144.220.12,Possible Cobaltstrike C2 IP
192.144.231.110,Possible Cobaltstrike C2 IP
192.144.231.244,Possible Cobaltstrike C2 IP
192.144.234.209,Possible Cobaltstrike C2 IP
192.198.82.238,Possible Cobaltstrike C2 IP
192.227.155.185,Possible Cobaltstrike C2 IP
192.227.158.39,Possible Cobaltstrike C2 IP
192.227.178.247,Possible Cobaltstrike C2 IP
192.227.192.231,Possible Cobaltstrike C2 IP
192.3.231.108,Possible Cobaltstrike C2 IP
192.3.235.87,Possible Cobaltstrike C2 IP
192.3.76.38,Possible Cobaltstrike C2 IP
192.3.76.67,Possible Cobaltstrike C2 IP
192.3.98.52,Possible Cobaltstrike C2 IP
193.149.180.222,Possible Cobaltstrike C2 IP
193.178.210.203,Possible Cobaltstrike C2 IP
193.201.126.65,Possible Cobaltstrike C2 IP
193.239.85.24,Possible Cobaltstrike C2 IP
193.36.119.209,Possible Cobaltstrike C2 IP
193.42.24.169,Possible Cobaltstrike C2 IP
193.42.32.143,Possible Cobaltstrike C2 IP
194.135.17.31,Possible Cobaltstrike C2 IP
194.169.175.143,Possible Cobaltstrike C2 IP
194.26.29.99,Possible Cobaltstrike C2 IP
194.36.191.76,Possible Cobaltstrike C2 IP
194.50.153.108,Possible Cobaltstrike C2 IP
194.50.153.11,Possible Cobaltstrike C2 IP
194.50.153.114,Possible Cobaltstrike C2 IP
194.50.153.115,Possible Cobaltstrike C2 IP
194.50.153.12,Possible Cobaltstrike C2 IP
194.50.153.13,Possible Cobaltstrike C2 IP
194.50.153.19,Possible Cobaltstrike C2 IP
194.50.153.24,Possible Cobaltstrike C2 IP
194.50.153.37,Possible Cobaltstrike C2 IP
194.50.153.39,Possible Cobaltstrike C2 IP
194.50.153.42,Possible Cobaltstrike C2 IP
194.50.153.78,Possible Cobaltstrike C2 IP
195.123.225.85,Possible Cobaltstrike C2 IP
195.123.233.9,Possible Cobaltstrike C2 IP
195.133.23.90,Possible Cobaltstrike C2 IP
195.133.53.144,Possible Cobaltstrike C2 IP
195.201.43.239,Possible Metasploit C2 IP
195.3.146.183,Possible Metasploit C2 IP
198.13.34.82,Possible Cobaltstrike C2 IP
198.13.42.85,Possible Cobaltstrike C2 IP
198.136.56.67,Possible Metasploit C2 IP
198.144.187.19,Possible Cobaltstrike C2 IP
198.199.90.49,Possible Cobaltstrike C2 IP
198.211.104.128,Possible Cobaltstrike C2 IP
198.211.32.231,Possible Cobaltstrike C2 IP
198.211.36.91,Possible Cobaltstrike C2 IP
198.211.58.80,Possible Cobaltstrike C2 IP
198.211.98.185,Possible Cobaltstrike C2 IP
198.23.148.35,Possible Cobaltstrike C2 IP
198.44.169.19,Possible Cobaltstrike C2 IP
198.46.189.193,Possible Cobaltstrike C2 IP
198.46.190.21,Possible Cobaltstrike C2 IP
198.55.102.40,Possible Cobaltstrike C2 IP
198.98.52.184,Possible Cobaltstrike C2 IP
199.188.105.230,Possible Cobaltstrike C2 IP
199.195.251.219,Possible Cobaltstrike C2 IP
199.195.253.124,Possible Cobaltstrike C2 IP
199.247.0.145,Possible Cobaltstrike C2 IP
2.56.177.117,Possible Cobaltstrike C2 IP
2.58.15.233,Possible Cobaltstrike C2 IP
20.102.10.134,Possible Cobaltstrike C2 IP
20.106.152.87,Possible Cobaltstrike C2 IP
20.124.38.215,Possible Cobaltstrike C2 IP
20.169.210.116,Possible Cobaltstrike C2 IP
20.185.63.177,Possible Cobaltstrike C2 IP
20.210.117.28,Possible Cobaltstrike C2 IP
20.214.176.53,Possible Cobaltstrike C2 IP
20.214.185.58,Possible Cobaltstrike C2 IP
20.234.154.190,Possible Cobaltstrike C2 IP
20.237.62.65,Possible Cobaltstrike C2 IP
20.24.65.23,Possible Cobaltstrike C2 IP
20.25.6.241,Possible Cobaltstrike C2 IP
20.4.54.57,Possible Cobaltstrike C2 IP
20.46.112.10,Possible Cobaltstrike C2 IP
20.51.147.96,Possible Cobaltstrike C2 IP
20.51.248.5,Possible Cobaltstrike C2 IP
20.55.250.175,Possible Cobaltstrike C2 IP
20.61.76.122,Possible Cobaltstrike C2 IP
20.85.192.247,Possible Cobaltstrike C2 IP
20.90.138.102,Possible Cobaltstrike C2 IP
20.94.177.31,Possible Cobaltstrike C2 IP
201.95.130.179,Possible Cobaltstrike C2 IP
201.95.96.120,Possible Cobaltstrike C2 IP
202.95.15.23,Possible Cobaltstrike C2 IP
203.189.7.212,Possible Cobaltstrike C2 IP
203.25.119.216,Possible Cobaltstrike C2 IP
203.56.121.86,Possible Cobaltstrike C2 IP
204.10.120.109,Possible Cobaltstrike C2 IP
204.13.153.157,Possible Cobaltstrike C2 IP
204.236.138.252,Possible Cobaltstrike C2 IP
205.185.123.233,Possible Cobaltstrike C2 IP
206.189.107.207,Possible Cobaltstrike C2 IP
206.189.113.118,Possible Cobaltstrike C2 IP
206.217.136.53,Possible Metasploit C2 IP
206.233.132.33,Possible Cobaltstrike C2 IP
206.233.132.60,Possible Cobaltstrike C2 IP
206.233.133.127,Possible Metasploit C2 IP
206.233.135.76,Possible Metasploit C2 IP
206.237.30.76,Possible Cobaltstrike C2 IP
206.238.42.198,Possible Cobaltstrike C2 IP
207.148.77.27,Possible Cobaltstrike C2 IP
207.226.136.251,Possible Cobaltstrike C2 IP
207.226.136.40,Possible Cobaltstrike C2 IP
207.244.234.206,Possible Cobaltstrike C2 IP
208.67.105.87,Possible Cobaltstrike C2 IP
208.67.105.87,Possible Metasploit C2 IP
208.70.74.144,Possible Cobaltstrike C2 IP
208.70.76.100,Possible Cobaltstrike C2 IP
208.81.200.107,Possible Cobaltstrike C2 IP
208.87.129.112,Possible Metasploit C2 IP
209.141.39.46,Possible Cobaltstrike C2 IP
209.141.42.26,Possible Cobaltstrike C2 IP
209.97.135.107,Possible Cobaltstrike C2 IP
211.101.244.179,Possible Cobaltstrike C2 IP
211.149.186.220,Possible Cobaltstrike C2 IP
211.149.230.205,Possible Cobaltstrike C2 IP
213.164.19.147,Possible Cobaltstrike C2 IP
213.59.127.62,Possible Cobaltstrike C2 IP
213.61.251.56,Possible Cobaltstrike C2 IP
216.238.73.189,Possible Cobaltstrike C2 IP
216.238.74.154,Possible Cobaltstrike C2 IP
216.238.85.128,Possible Cobaltstrike C2 IP
216.83.45.170,Possible Cobaltstrike C2 IP
216.83.48.71,Possible Cobaltstrike C2 IP
216.83.58.81,Possible Cobaltstrike C2 IP
217.195.153.169,Possible Cobaltstrike C2 IP
217.199.103.213,Possible Metasploit C2 IP
218.29.106.204,Possible Cobaltstrike C2 IP
218.93.155.39,Possible Cobaltstrike C2 IP
219.151.144.209,Possible Cobaltstrike C2 IP
221.160.250.219,Possible Cobaltstrike C2 IP
222.186.131.83,Possible Cobaltstrike C2 IP
222.186.168.244,Possible Cobaltstrike C2 IP
222.94.105.234,Possible Cobaltstrike C2 IP
223.166.224.11,Possible Cobaltstrike C2 IP
223.247.221.123,Possible Cobaltstrike C2 IP
23.100.21.108,Possible Cobaltstrike C2 IP
23.105.202.225,Possible Cobaltstrike C2 IP
23.105.210.39,Possible Cobaltstrike C2 IP
23.106.122.69,Possible Cobaltstrike C2 IP
23.106.122.96,Possible Metasploit C2 IP
23.106.123.110,Possible Cobaltstrike C2 IP
23.106.215.237,Possible Cobaltstrike C2 IP
23.108.57.187,Possible Cobaltstrike C2 IP
23.108.57.191,Possible Cobaltstrike C2 IP
23.108.57.250,Possible Cobaltstrike C2 IP
23.108.57.45,Possible Cobaltstrike C2 IP
23.146.242.81,Possible Cobaltstrike C2 IP
23.147.225.184,Possible Cobaltstrike C2 IP
23.224.196.208,Possible Cobaltstrike C2 IP
23.224.53.50,Possible Cobaltstrike C2 IP
23.224.53.51,Possible Cobaltstrike C2 IP
23.224.53.53,Possible Cobaltstrike C2 IP
23.224.61.113,Possible Cobaltstrike C2 IP
23.224.90.150,Possible Cobaltstrike C2 IP
23.224.98.84,Possible Cobaltstrike C2 IP
23.225.40.130,Possible Cobaltstrike C2 IP
23.225.40.132,Possible Cobaltstrike C2 IP
23.225.40.133,Possible Cobaltstrike C2 IP
23.225.40.134,Possible Cobaltstrike C2 IP
23.234.254.155,Possible Cobaltstrike C2 IP
23.91.97.112,Possible Cobaltstrike C2 IP
23.94.194.163,Possible Cobaltstrike C2 IP
23.94.212.118,Possible Cobaltstrike C2 IP
23.94.240.64,Possible Cobaltstrike C2 IP
23.95.170.163,Possible Cobaltstrike C2 IP
23.95.41.69,Possible Cobaltstrike C2 IP
23.95.44.10,Possible Cobaltstrike C2 IP
23.96.53.135,Possible Cobaltstrike C2 IP
23.98.137.196,Possible Cobaltstrike C2 IP
24.137.215.164,Possible Cobaltstrike C2 IP
24.156.198.24,Possible Metasploit C2 IP
2400:f880:1a:3328:bfe4:e275:ee9d:32a5,Possible Cobaltstrike C2 IP
2600:1f16:a1:f00:a05a:a726:7099:c655,Possible Cobaltstrike C2 IP
2604:a880:400:d0:0:0:1739:8001,Possible Cobaltstrike C2 IP
27.0.232.119,Possible Cobaltstrike C2 IP
3.108.202.101,Possible Cobaltstrike C2 IP
3.124.182.176,Possible Cobaltstrike C2 IP
3.137.214.117,Possible Cobaltstrike C2 IP
3.139.29.76,Possible Cobaltstrike C2 IP
3.144.15.220,Possible Cobaltstrike C2 IP
3.216.88.182,Possible Cobaltstrike C2 IP
3.22.216.255,Possible Cobaltstrike C2 IP
3.226.91.217,Possible Cobaltstrike C2 IP
3.237.41.66,Possible Cobaltstrike C2 IP
3.252.135.5,Possible Cobaltstrike C2 IP
3.86.79.3,Possible Cobaltstrike C2 IP
3.93.213.179,Possible Cobaltstrike C2 IP
31.170.22.88,Possible Metasploit C2 IP
31.31.76.57,Possible Metasploit C2 IP
31.44.184.100,Possible Cobaltstrike C2 IP
31.44.184.102,Possible Cobaltstrike C2 IP
31.44.184.129,Possible Cobaltstrike C2 IP
31.44.184.241,Possible Cobaltstrike C2 IP
31.44.184.39,Possible Cobaltstrike C2 IP
31.44.184.63,Possible Cobaltstrike C2 IP
31.44.184.73,Possible Cobaltstrike C2 IP
31.44.184.74,Possible Cobaltstrike C2 IP
31.44.184.82,Possible Cobaltstrike C2 IP
31.44.184.84,Possible Cobaltstrike C2 IP
31.44.184.88,Possible Cobaltstrike C2 IP
34.220.153.113,Possible Cobaltstrike C2 IP
34.223.254.65,Possible Cobaltstrike C2 IP
34.229.169.232,Possible Cobaltstrike C2 IP
34.235.195.209,Possible Cobaltstrike C2 IP
34.238.123.45,Possible Metasploit C2 IP
34.79.105.224,Possible Cobaltstrike C2 IP
34.82.224.93,Possible Cobaltstrike C2 IP
34.92.125.242,Possible Cobaltstrike C2 IP
34.92.127.127,Possible Cobaltstrike C2 IP
34.92.14.11,Possible Cobaltstrike C2 IP
34.92.14.229,Possible Cobaltstrike C2 IP
34.92.206.127,Possible Cobaltstrike C2 IP
34.96.158.79,Possible Cobaltstrike C2 IP
35.223.26.128,Possible Cobaltstrike C2 IP
35.227.144.96,Possible Cobaltstrike C2 IP
35.230.4.164,Possible Cobaltstrike C2 IP
35.78.175.21,Possible Cobaltstrike C2 IP
35.89.201.66,Possible Cobaltstrike C2 IP
36.110.138.149,Possible Cobaltstrike C2 IP
36.111.175.46,Possible Cobaltstrike C2 IP
36.138.209.175,Possible Cobaltstrike C2 IP
36.139.117.219,Possible Cobaltstrike C2 IP
36.139.58.168,Possible Cobaltstrike C2 IP
36.140.61.233,Possible Cobaltstrike C2 IP
36.140.73.231,Possible Cobaltstrike C2 IP
36.154.179.146,Possible Cobaltstrike C2 IP
36.26.79.22,Possible Cobaltstrike C2 IP
36.99.39.121,Possible Cobaltstrike C2 IP
37.221.66.13,Possible Cobaltstrike C2 IP
37.97.162.219,Possible Cobaltstrike C2 IP
38.147.172.149,Possible Cobaltstrike C2 IP
38.147.172.224,Possible Cobaltstrike C2 IP
38.147.172.79,Possible Cobaltstrike C2 IP
38.147.173.210,Possible Cobaltstrike C2 IP
38.154.236.168,Possible Cobaltstrike C2 IP
38.207.176.131,Possible Cobaltstrike C2 IP
38.54.30.59,Possible Cobaltstrike C2 IP
38.54.33.188,Possible Cobaltstrike C2 IP
38.54.85.31,Possible Cobaltstrike C2 IP
38.55.189.132,Possible Cobaltstrike C2 IP
38.55.214.200,Possible Cobaltstrike C2 IP
38.55.97.6,Possible Cobaltstrike C2 IP
38.6.177.109,Possible Cobaltstrike C2 IP
38.6.177.68,Possible Cobaltstrike C2 IP
38.60.146.232,Possible Cobaltstrike C2 IP
38.60.199.106,Possible Cobaltstrike C2 IP
38.60.220.110,Possible Cobaltstrike C2 IP
38.60.46.162,Possible Cobaltstrike C2 IP
38.60.47.63,Possible Cobaltstrike C2 IP
38.91.119.210,Possible Cobaltstrike C2 IP
38.91.119.212,Possible Cobaltstrike C2 IP
38.91.119.213,Possible Cobaltstrike C2 IP
39.100.65.254,Possible Cobaltstrike C2 IP
39.100.69.48,Possible Cobaltstrike C2 IP
39.101.183.54,Possible Cobaltstrike C2 IP
39.101.66.165,Possible Cobaltstrike C2 IP
39.102.32.121,Possible Cobaltstrike C2 IP
39.103.196.134,Possible Cobaltstrike C2 IP
39.104.26.48,Possible Cobaltstrike C2 IP
39.104.57.62,Possible Cobaltstrike C2 IP
39.104.81.101,Possible Cobaltstrike C2 IP
39.105.107.87,Possible Cobaltstrike C2 IP
39.105.143.177,Possible Cobaltstrike C2 IP
39.105.168.110,Possible Cobaltstrike C2 IP
39.105.19.199,Possible Cobaltstrike C2 IP
39.105.191.1,Possible Cobaltstrike C2 IP
39.105.223.243,Possible Cobaltstrike C2 IP
39.105.231.22,Possible Cobaltstrike C2 IP
39.105.31.104,Possible Cobaltstrike C2 IP
39.105.41.51,Possible Cobaltstrike C2 IP
39.105.51.2,Possible Cobaltstrike C2 IP
39.105.53.172,Possible Cobaltstrike C2 IP
39.106.138.33,Possible Cobaltstrike C2 IP
39.106.147.200,Possible Cobaltstrike C2 IP
39.106.76.185,Possible Cobaltstrike C2 IP
39.107.242.125,Possible Cobaltstrike C2 IP
39.107.242.130,Possible Cobaltstrike C2 IP
39.107.250.164,Possible Cobaltstrike C2 IP
39.107.32.219,Possible Cobaltstrike C2 IP
39.107.70.26,Possible Cobaltstrike C2 IP
39.108.189.188,Possible Cobaltstrike C2 IP
39.98.107.227,Possible Cobaltstrike C2 IP
39.98.157.4,Possible Cobaltstrike C2 IP
39.99.128.40,Possible Metasploit C2 IP
39.99.242.16,Possible Cobaltstrike C2 IP
39.99.45.71,Possible Cobaltstrike C2 IP
4.194.41.34,Possible Cobaltstrike C2 IP
4.227.219.178,Possible Cobaltstrike C2 IP
40.112.62.173,Possible Cobaltstrike C2 IP
40.114.14.17,Possible Cobaltstrike C2 IP
40.114.51.145,Possible Cobaltstrike C2 IP
40.121.252.57,Possible Cobaltstrike C2 IP
40.71.183.149,Possible Cobaltstrike C2 IP
40.71.99.148,Possible Cobaltstrike C2 IP
40.76.33.42,Possible Cobaltstrike C2 IP
40.76.35.61,Possible Cobaltstrike C2 IP
40.87.9.220,Possible Cobaltstrike C2 IP
42.192.16.196,Possible Cobaltstrike C2 IP
42.192.38.240,Possible Cobaltstrike C2 IP
42.193.101.234,Possible Cobaltstrike C2 IP
42.193.108.137,Possible Cobaltstrike C2 IP
42.193.108.198,Possible Cobaltstrike C2 IP
42.193.139.221,Possible Cobaltstrike C2 IP
42.193.145.27,Possible Cobaltstrike C2 IP
42.193.178.194,Possible Cobaltstrike C2 IP
42.193.23.91,Possible Cobaltstrike C2 IP
42.193.252.92,Possible Cobaltstrike C2 IP
42.193.44.136,Possible Cobaltstrike C2 IP
42.193.98.44,Possible Cobaltstrike C2 IP
42.194.158.203,Possible Cobaltstrike C2 IP
42.194.199.231,Possible Cobaltstrike C2 IP
42.194.243.170,Possible Cobaltstrike C2 IP
42.51.40.232,Possible Cobaltstrike C2 IP
42.51.45.241,Possible Cobaltstrike C2 IP
43.128.106.190,Possible Cobaltstrike C2 IP
43.128.115.54,Possible Cobaltstrike C2 IP
43.129.181.83,Possible Cobaltstrike C2 IP
43.129.239.195,Possible Cobaltstrike C2 IP
43.131.242.233,Possible Cobaltstrike C2 IP
43.133.32.97,Possible Cobaltstrike C2 IP
43.134.228.170,Possible Cobaltstrike C2 IP
43.134.235.245,Possible Cobaltstrike C2 IP
43.135.155.35,Possible Cobaltstrike C2 IP
43.136.14.250,Possible Cobaltstrike C2 IP
43.136.180.115,Possible Cobaltstrike C2 IP
43.136.185.137,Possible Cobaltstrike C2 IP
43.136.218.157,Possible Cobaltstrike C2 IP
43.136.27.234,Possible Cobaltstrike C2 IP
43.136.36.91,Possible Cobaltstrike C2 IP
43.136.40.179,Possible Cobaltstrike C2 IP
43.136.51.172,Possible Cobaltstrike C2 IP
43.136.62.170,Possible Metasploit C2 IP
43.136.84.234,Possible Cobaltstrike C2 IP
43.136.93.47,Possible Metasploit C2 IP
43.138.0.70,Possible Cobaltstrike C2 IP
43.138.10.93,Possible Cobaltstrike C2 IP
43.138.104.220,Possible Cobaltstrike C2 IP
43.138.107.32,Possible Cobaltstrike C2 IP
43.138.111.120,Possible Cobaltstrike C2 IP
43.138.118.165,Possible Cobaltstrike C2 IP
43.138.118.67,Possible Cobaltstrike C2 IP
43.138.121.2,Possible Cobaltstrike C2 IP
43.138.150.136,Possible Cobaltstrike C2 IP
43.138.154.3,Possible Cobaltstrike C2 IP
43.138.167.37,Possible Cobaltstrike C2 IP
43.138.173.11,Possible Cobaltstrike C2 IP
43.138.178.60,Possible Metasploit C2 IP
43.138.179.199,Possible Cobaltstrike C2 IP
43.138.188.41,Possible Cobaltstrike C2 IP
43.138.19.240,Possible Cobaltstrike C2 IP
43.138.197.33,Possible Cobaltstrike C2 IP
43.138.206.73,Possible Cobaltstrike C2 IP
43.138.21.132,Possible Cobaltstrike C2 IP
43.138.212.90,Possible Cobaltstrike C2 IP
43.138.226.44,Possible Cobaltstrike C2 IP
43.138.231.201,Possible Cobaltstrike C2 IP
43.138.231.237,Possible Cobaltstrike C2 IP
43.138.233.12,Possible Cobaltstrike C2 IP
43.138.234.113,Possible Cobaltstrike C2 IP
43.138.245.248,Possible Cobaltstrike C2 IP
43.138.251.32,Possible Cobaltstrike C2 IP
43.138.29.85,Possible Cobaltstrike C2 IP
43.138.30.109,Possible Cobaltstrike C2 IP
43.138.36.61,Possible Cobaltstrike C2 IP
43.138.5.73,Possible Cobaltstrike C2 IP
43.138.52.211,Possible Cobaltstrike C2 IP
43.138.54.55,Possible Cobaltstrike C2 IP
43.138.66.111,Possible Cobaltstrike C2 IP
43.138.66.190,Possible Cobaltstrike C2 IP
43.138.66.231,Possible Cobaltstrike C2 IP
43.138.72.58,Possible Cobaltstrike C2 IP
43.138.72.70,Possible Cobaltstrike C2 IP
43.138.73.164,Possible Cobaltstrike C2 IP
43.138.75.234,Possible Cobaltstrike C2 IP
43.138.77.115,Possible Cobaltstrike C2 IP
43.138.86.26,Possible Cobaltstrike C2 IP
43.139.109.13,Possible Cobaltstrike C2 IP
43.139.116.197,Possible Cobaltstrike C2 IP
43.139.117.224,Possible Cobaltstrike C2 IP
43.139.136.224,Possible Cobaltstrike C2 IP
43.139.140.135,Possible Cobaltstrike C2 IP
43.139.146.60,Possible Cobaltstrike C2 IP
43.139.175.33,Possible Cobaltstrike C2 IP
43.139.18.81,Possible Cobaltstrike C2 IP
43.139.180.193,Possible Cobaltstrike C2 IP
43.139.185.135,Possible Cobaltstrike C2 IP
43.139.19.125,Possible Cobaltstrike C2 IP
43.139.190.82,Possible Cobaltstrike C2 IP
43.139.2.181,Possible Cobaltstrike C2 IP
43.139.2.46,Possible Cobaltstrike C2 IP
43.139.235.226,Possible Cobaltstrike C2 IP
43.139.246.195,Possible Cobaltstrike C2 IP
43.139.52.123,Possible Cobaltstrike C2 IP
43.139.56.249,Possible Cobaltstrike C2 IP
43.139.69.115,Possible Cobaltstrike C2 IP
43.139.70.248,Possible Cobaltstrike C2 IP
43.140.195.36,Possible Cobaltstrike C2 IP
43.140.199.178,Possible Cobaltstrike C2 IP
43.140.203.115,Possible Cobaltstrike C2 IP
43.140.203.226,Possible Cobaltstrike C2 IP
43.140.212.41,Possible Cobaltstrike C2 IP
43.140.250.89,Possible Cobaltstrike C2 IP
43.142.117.98,Possible Cobaltstrike C2 IP
43.142.143.59,Possible Cobaltstrike C2 IP
43.142.150.154,Possible Cobaltstrike C2 IP
43.142.165.143,Possible Cobaltstrike C2 IP
43.142.175.45,Possible Cobaltstrike C2 IP
43.142.191.38,Possible Cobaltstrike C2 IP
43.142.193.86,Possible Cobaltstrike C2 IP
43.142.239.114,Possible Cobaltstrike C2 IP
43.142.241.70,Possible Cobaltstrike C2 IP
43.142.60.207,Possible Cobaltstrike C2 IP
43.142.74.172,Possible Cobaltstrike C2 IP
43.142.85.2,Possible Cobaltstrike C2 IP
43.142.99.36,Possible Cobaltstrike C2 IP
43.143.103.235,Possible Cobaltstrike C2 IP
43.143.130.95,Possible Cobaltstrike C2 IP
43.143.132.119,Possible Cobaltstrike C2 IP
43.143.145.131,Possible Cobaltstrike C2 IP
43.143.148.198,Possible Cobaltstrike C2 IP
43.143.153.235,Possible Cobaltstrike C2 IP
43.143.172.113,Possible Cobaltstrike C2 IP
43.143.175.212,Possible Cobaltstrike C2 IP
43.143.177.96,Possible Cobaltstrike C2 IP
43.143.181.205,Possible Cobaltstrike C2 IP
43.143.184.22,Possible Cobaltstrike C2 IP
43.143.186.7,Possible Cobaltstrike C2 IP
43.143.191.86,Possible Cobaltstrike C2 IP
43.143.194.137,Possible Cobaltstrike C2 IP
43.143.221.53,Possible Cobaltstrike C2 IP
43.143.222.153,Possible Cobaltstrike C2 IP
43.143.225.146,Possible Cobaltstrike C2 IP
43.143.243.15,Possible Cobaltstrike C2 IP
43.143.246.164,Possible Cobaltstrike C2 IP
43.143.248.98,Possible Cobaltstrike C2 IP
43.143.6.159,Possible Cobaltstrike C2 IP
43.143.63.199,Possible Cobaltstrike C2 IP
43.143.74.28,Possible Cobaltstrike C2 IP
43.143.84.185,Possible Cobaltstrike C2 IP
43.153.173.61,Possible Cobaltstrike C2 IP
43.153.206.194,Possible Cobaltstrike C2 IP
43.153.222.28,Possible Cobaltstrike C2 IP
43.153.81.2,Possible Cobaltstrike C2 IP
43.154.14.120,Possible Cobaltstrike C2 IP
43.154.18.45,Possible Cobaltstrike C2 IP
43.154.207.209,Possible Cobaltstrike C2 IP
43.154.27.211,Possible Cobaltstrike C2 IP
43.154.29.198,Possible Cobaltstrike C2 IP
43.154.46.217,Possible Cobaltstrike C2 IP
43.154.52.127,Possible Cobaltstrike C2 IP
43.154.86.154,Possible Cobaltstrike C2 IP
43.155.173.17,Possible Cobaltstrike C2 IP
43.155.75.235,Possible Cobaltstrike C2 IP
43.156.232.7,Possible Cobaltstrike C2 IP
43.156.34.251,Possible Cobaltstrike C2 IP
43.156.35.15,Possible Cobaltstrike C2 IP
43.156.35.4,Possible Cobaltstrike C2 IP
43.156.59.135,Possible Cobaltstrike C2 IP
43.163.200.118,Possible Cobaltstrike C2 IP
43.206.63.126,Possible Cobaltstrike C2 IP
43.207.191.238,Possible Cobaltstrike C2 IP
43.224.153.57,Possible Cobaltstrike C2 IP
43.224.34.113,Possible Cobaltstrike C2 IP
43.228.91.212,Possible Cobaltstrike C2 IP
43.239.158.234,Possible Cobaltstrike C2 IP
43.245.199.163,Possible Cobaltstrike C2 IP
43.248.96.171,Possible Cobaltstrike C2 IP
43.249.9.202,Possible Cobaltstrike C2 IP
44.198.16.37,Possible Cobaltstrike C2 IP
44.201.147.83,Possible Cobaltstrike C2 IP
44.202.2.233,Possible Cobaltstrike C2 IP
44.203.91.124,Possible Cobaltstrike C2 IP
44.206.236.94,Possible Cobaltstrike C2 IP
44.211.149.61,Possible Cobaltstrike C2 IP
44.211.200.71,Possible Cobaltstrike C2 IP
45.116.76.16,Possible Cobaltstrike C2 IP
45.12.138.94,Possible Cobaltstrike C2 IP
45.12.138.95,Possible Cobaltstrike C2 IP
45.125.45.162,Possible Cobaltstrike C2 IP
45.129.2.67,Possible Cobaltstrike C2 IP
45.135.118.251,Possible Cobaltstrike C2 IP
45.136.14.101,Possible Cobaltstrike C2 IP
45.136.255.189,Possible Cobaltstrike C2 IP
45.137.10.60,Possible Cobaltstrike C2 IP
45.140.146.74,Possible Cobaltstrike C2 IP
45.140.169.143,Possible Cobaltstrike C2 IP
45.140.169.21,Possible Cobaltstrike C2 IP
45.141.139.214,Possible Cobaltstrike C2 IP
45.145.228.117,Possible Cobaltstrike C2 IP
45.145.228.7,Possible Cobaltstrike C2 IP
45.145.229.221,Possible Cobaltstrike C2 IP
45.147.24.180,Possible Cobaltstrike C2 IP
45.152.115.128,Possible Cobaltstrike C2 IP
45.152.64.75,Possible Cobaltstrike C2 IP
45.152.65.55,Possible Cobaltstrike C2 IP
45.152.66.95,Possible Cobaltstrike C2 IP
45.152.67.162,Possible Cobaltstrike C2 IP
45.170.252.136,Possible Cobaltstrike C2 IP
45.200.14.17,Possible Metasploit C2 IP
45.207.13.100,Possible Cobaltstrike C2 IP
45.207.27.31,Possible Cobaltstrike C2 IP
45.207.49.59,Possible Cobaltstrike C2 IP
45.227.255.38,Possible Cobaltstrike C2 IP
45.32.103.195,Possible Cobaltstrike C2 IP
45.32.241.231,Possible Cobaltstrike C2 IP
45.32.253.112,Possible Cobaltstrike C2 IP
45.32.35.169,Possible Cobaltstrike C2 IP
45.32.42.214,Possible Metasploit C2 IP
45.32.45.123,Possible Cobaltstrike C2 IP
45.32.63.121,Possible Cobaltstrike C2 IP
45.32.65.63,Possible Metasploit C2 IP
45.33.7.22,Possible Metasploit C2 IP
45.55.131.52,Possible Cobaltstrike C2 IP
45.61.129.106,Possible Cobaltstrike C2 IP
45.63.122.37,Possible Cobaltstrike C2 IP
45.66.151.195,Possible Cobaltstrike C2 IP
45.76.125.214,Possible Cobaltstrike C2 IP
45.76.33.111,Possible Cobaltstrike C2 IP
45.77.10.192,Possible Cobaltstrike C2 IP
45.77.21.253,Possible Cobaltstrike C2 IP
45.77.24.248,Possible Cobaltstrike C2 IP
45.77.246.221,Possible Cobaltstrike C2 IP
45.79.125.241,Possible Cobaltstrike C2 IP
45.79.24.8,Possible Metasploit C2 IP
45.8.159.254,Possible Cobaltstrike C2 IP
45.81.128.183,Possible Cobaltstrike C2 IP
45.81.235.69,Possible Cobaltstrike C2 IP
45.82.78.106,Possible Cobaltstrike C2 IP
45.86.74.37,Possible Cobaltstrike C2 IP
45.88.66.222,Possible Cobaltstrike C2 IP
45.88.66.25,Possible Cobaltstrike C2 IP
45.89.107.78,Possible Cobaltstrike C2 IP
45.91.81.100,Possible Cobaltstrike C2 IP
45.92.158.220,Possible Cobaltstrike C2 IP
45.94.42.61,Possible Cobaltstrike C2 IP
46.101.192.239,Possible Metasploit C2 IP
46.161.27.160,Possible Cobaltstrike C2 IP
46.21.153.161,Possible Cobaltstrike C2 IP
46.21.153.175,Possible Cobaltstrike C2 IP
46.21.153.178,Possible Cobaltstrike C2 IP
46.29.160.43,Possible Cobaltstrike C2 IP
46.30.41.210,Possible Cobaltstrike C2 IP
46.4.10.187,Possible Cobaltstrike C2 IP
47.100.170.9,Possible Cobaltstrike C2 IP
47.100.176.153,Possible Cobaltstrike C2 IP
47.100.180.123,Possible Cobaltstrike C2 IP
47.100.190.135,Possible Cobaltstrike C2 IP
47.100.215.156,Possible Cobaltstrike C2 IP
47.100.229.207,Possible Cobaltstrike C2 IP
47.100.244.166,Possible Cobaltstrike C2 IP
47.100.249.61,Possible Cobaltstrike C2 IP
47.100.87.106,Possible Cobaltstrike C2 IP
47.101.134.121,Possible Cobaltstrike C2 IP
47.101.204.23,Possible Cobaltstrike C2 IP
47.102.120.55,Possible Cobaltstrike C2 IP
47.102.121.155,Possible Cobaltstrike C2 IP
47.102.145.29,Possible Cobaltstrike C2 IP
47.102.156.247,Possible Cobaltstrike C2 IP
47.102.197.15,Possible Cobaltstrike C2 IP
47.102.204.77,Possible Cobaltstrike C2 IP
47.102.209.7,Possible Cobaltstrike C2 IP
47.103.106.214,Possible Cobaltstrike C2 IP
47.103.13.224,Possible Cobaltstrike C2 IP
47.103.213.209,Possible Cobaltstrike C2 IP
47.103.66.79,Possible Cobaltstrike C2 IP
47.103.76.140,Possible Cobaltstrike C2 IP
47.103.95.2,Possible Cobaltstrike C2 IP
47.104.239.124,Possible Cobaltstrike C2 IP
47.104.244.206,Possible Cobaltstrike C2 IP
47.104.247.188,Possible Cobaltstrike C2 IP
47.104.73.41,Possible Cobaltstrike C2 IP
47.105.53.99,Possible Cobaltstrike C2 IP
47.105.55.243,Possible Cobaltstrike C2 IP
47.106.117.218,Possible Cobaltstrike C2 IP
47.106.123.86,Possible Cobaltstrike C2 IP
47.106.161.16,Possible Cobaltstrike C2 IP
47.106.162.111,Possible Cobaltstrike C2 IP
47.106.171.201,Possible Cobaltstrike C2 IP
47.107.36.89,Possible Cobaltstrike C2 IP
47.108.105.126,Possible Cobaltstrike C2 IP
47.108.106.199,Possible Cobaltstrike C2 IP
47.108.137.190,Possible Cobaltstrike C2 IP
47.108.142.27,Possible Cobaltstrike C2 IP
47.108.164.9,Possible Cobaltstrike C2 IP
47.108.180.121,Possible Cobaltstrike C2 IP
47.108.183.70,Possible Cobaltstrike C2 IP
47.108.183.77,Possible Cobaltstrike C2 IP
47.108.193.56,Possible Cobaltstrike C2 IP
47.108.214.114,Possible Cobaltstrike C2 IP
47.108.218.63,Possible Cobaltstrike C2 IP
47.108.52.84,Possible Cobaltstrike C2 IP
47.108.79.21,Possible Cobaltstrike C2 IP
47.109.105.56,Possible Cobaltstrike C2 IP
47.109.19.188,Possible Cobaltstrike C2 IP
47.109.70.144,Possible Cobaltstrike C2 IP
47.109.79.81,Possible Cobaltstrike C2 IP
47.109.85.219,Possible Cobaltstrike C2 IP
47.109.97.92,Possible Cobaltstrike C2 IP
47.110.248.105,Possible Cobaltstrike C2 IP
47.111.77.124,Possible Cobaltstrike C2 IP
47.111.99.111,Possible Cobaltstrike C2 IP
47.112.227.200,Possible Cobaltstrike C2 IP
47.113.147.223,Possible Cobaltstrike C2 IP
47.113.149.52,Possible Cobaltstrike C2 IP
47.113.151.138,Possible Cobaltstrike C2 IP
47.113.188.133,Possible Cobaltstrike C2 IP
47.113.197.35,Possible Cobaltstrike C2 IP
47.113.204.127,Possible Cobaltstrike C2 IP
47.113.204.28,Possible Cobaltstrike C2 IP
47.113.206.17,Possible Cobaltstrike C2 IP
47.113.224.225,Possible Cobaltstrike C2 IP
47.113.227.71,Possible Cobaltstrike C2 IP
47.113.231.140,Possible Cobaltstrike C2 IP
47.115.211.116,Possible Cobaltstrike C2 IP
47.115.214.195,Possible Cobaltstrike C2 IP
47.115.215.26,Possible Cobaltstrike C2 IP
47.115.218.187,Possible Cobaltstrike C2 IP
47.115.219.93,Possible Cobaltstrike C2 IP
47.115.224.162,Possible Cobaltstrike C2 IP
47.115.226.34,Possible Cobaltstrike C2 IP
47.115.50.66,Possible Cobaltstrike C2 IP
47.116.101.154,Possible Cobaltstrike C2 IP
47.116.113.160,Possible Cobaltstrike C2 IP
47.116.73.197,Possible Cobaltstrike C2 IP
47.116.75.96,Possible Cobaltstrike C2 IP
47.117.127.175,Possible Cobaltstrike C2 IP
47.117.163.173,Possible Cobaltstrike C2 IP
47.118.48.188,Possible Cobaltstrike C2 IP
47.120.10.96,Possible Cobaltstrike C2 IP
47.120.11.176,Possible Cobaltstrike C2 IP
47.120.13.139,Possible Cobaltstrike C2 IP
47.120.2.120,Possible Cobaltstrike C2 IP
47.120.2.172,Possible Cobaltstrike C2 IP
47.120.40.107,Possible Cobaltstrike C2 IP
47.122.10.149,Possible Cobaltstrike C2 IP
47.206.167.222,Possible Cobaltstrike C2 IP
47.236.19.63,Possible Cobaltstrike C2 IP
47.236.24.0,Possible Cobaltstrike C2 IP
47.241.225.61,Possible Cobaltstrike C2 IP
47.242.0.207,Possible Cobaltstrike C2 IP
47.242.203.102,Possible Cobaltstrike C2 IP
47.242.238.9,Possible Cobaltstrike C2 IP
47.242.241.35,Possible Cobaltstrike C2 IP
47.242.37.176,Possible Cobaltstrike C2 IP
47.242.41.223,Possible Cobaltstrike C2 IP
47.242.78.26,Possible Cobaltstrike C2 IP
47.243.104.189,Possible Cobaltstrike C2 IP
47.243.139.176,Possible Cobaltstrike C2 IP
47.243.175.24,Possible Cobaltstrike C2 IP
47.243.68.1,Possible Cobaltstrike C2 IP
47.243.85.106,Possible Cobaltstrike C2 IP
47.244.167.171,Possible Cobaltstrike C2 IP
47.251.36.32,Possible Cobaltstrike C2 IP
47.254.44.87,Possible Cobaltstrike C2 IP
47.47.34.246,Possible Cobaltstrike C2 IP
47.47.34.249,Possible Cobaltstrike C2 IP
47.75.108.68,Possible Cobaltstrike C2 IP
47.87.137.200,Possible Cobaltstrike C2 IP
47.87.142.102,Possible Cobaltstrike C2 IP
47.87.168.192,Possible Cobaltstrike C2 IP
47.92.100.70,Possible Cobaltstrike C2 IP
47.92.128.8,Possible Cobaltstrike C2 IP
47.92.149.203,Possible Cobaltstrike C2 IP
47.92.155.81,Possible Cobaltstrike C2 IP
47.92.198.186,Possible Cobaltstrike C2 IP
47.92.198.253,Possible Cobaltstrike C2 IP
47.92.217.74,Possible Cobaltstrike C2 IP
47.92.229.165,Possible Cobaltstrike C2 IP
47.92.27.53,Possible Cobaltstrike C2 IP
47.92.32.193,Possible Cobaltstrike C2 IP
47.92.95.68,Possible Cobaltstrike C2 IP
47.92.97.171,Possible Cobaltstrike C2 IP
47.93.10.255,Possible Cobaltstrike C2 IP
47.93.102.149,Possible Cobaltstrike C2 IP
47.93.242.212,Possible Cobaltstrike C2 IP
47.93.51.191,Possible Cobaltstrike C2 IP
47.93.60.109,Possible Cobaltstrike C2 IP
47.93.63.179,Possible Cobaltstrike C2 IP
47.93.9.242,Possible Cobaltstrike C2 IP
47.94.13.132,Possible Cobaltstrike C2 IP
47.94.215.220,Possible Cobaltstrike C2 IP
47.94.222.211,Possible Cobaltstrike C2 IP
47.94.43.210,Possible Cobaltstrike C2 IP
47.95.1.240,Possible Cobaltstrike C2 IP
47.96.156.250,Possible Cobaltstrike C2 IP
47.96.174.24,Possible Cobaltstrike C2 IP
47.96.233.223,Possible Cobaltstrike C2 IP
47.97.120.142,Possible Cobaltstrike C2 IP
47.97.159.241,Possible Cobaltstrike C2 IP
47.97.207.177,Possible Cobaltstrike C2 IP
47.97.213.221,Possible Cobaltstrike C2 IP
47.97.222.10,Possible Cobaltstrike C2 IP
47.98.113.242,Possible Cobaltstrike C2 IP
47.98.173.89,Possible Cobaltstrike C2 IP
47.98.216.22,Possible Cobaltstrike C2 IP
47.98.220.25,Possible Cobaltstrike C2 IP
47.98.249.254,Possible Cobaltstrike C2 IP
47.99.105.250,Possible Cobaltstrike C2 IP
47.99.147.223,Possible Cobaltstrike C2 IP
47.99.151.68,Possible Cobaltstrike C2 IP
47.99.160.202,Possible Cobaltstrike C2 IP
47.99.171.179,Possible Cobaltstrike C2 IP
47.99.177.59,Possible Cobaltstrike C2 IP
47.99.45.68,Possible Cobaltstrike C2 IP
47.99.57.95,Possible Cobaltstrike C2 IP
49.13.56.4,Possible Cobaltstrike C2 IP
49.232.134.151,Possible Cobaltstrike C2 IP
49.232.163.2,Possible Cobaltstrike C2 IP
49.232.190.179,Possible Cobaltstrike C2 IP
49.232.199.131,Possible Cobaltstrike C2 IP
49.232.214.202,Possible Cobaltstrike C2 IP
49.232.241.119,Possible Cobaltstrike C2 IP
49.232.3.46,Possible Cobaltstrike C2 IP
49.232.67.116,Possible Cobaltstrike C2 IP
49.232.90.103,Possible Cobaltstrike C2 IP
49.233.27.197,Possible Cobaltstrike C2 IP
49.233.56.4,Possible Cobaltstrike C2 IP
49.233.62.180,Possible Cobaltstrike C2 IP
49.234.22.80,Possible Cobaltstrike C2 IP
49.234.29.148,Possible Cobaltstrike C2 IP
49.234.36.178,Possible Cobaltstrike C2 IP
49.234.41.63,Possible Cobaltstrike C2 IP
49.234.46.112,Possible Cobaltstrike C2 IP
49.235.72.127,Possible Cobaltstrike C2 IP
49.4.24.255,Possible Cobaltstrike C2 IP
49.4.88.243,Possible Cobaltstrike C2 IP
49.7.131.69,Possible Cobaltstrike C2 IP
49.7.207.141,Possible Cobaltstrike C2 IP
5.182.38.176,Possible Cobaltstrike C2 IP
5.182.38.207,Possible Cobaltstrike C2 IP
5.188.87.39,Possible Cobaltstrike C2 IP
5.188.87.47,Possible Cobaltstrike C2 IP
5.79.108.148,Possible Cobaltstrike C2 IP
5.8.18.240,Possible Cobaltstrike C2 IP
5.8.95.82,Possible Cobaltstrike C2 IP
50.17.149.220,Possible Cobaltstrike C2 IP
50.93.205.252,Possible Cobaltstrike C2 IP
51.222.196.75,Possible Cobaltstrike C2 IP
51.255.225.253,Possible Cobaltstrike C2 IP
51.68.138.162,Possible Metasploit C2 IP
51.68.174.80,Possible Cobaltstrike C2 IP
51.79.207.53,Possible Cobaltstrike C2 IP
51.79.214.246,Possible Cobaltstrike C2 IP
51.83.193.221,Possible Cobaltstrike C2 IP
52.0.77.64,Possible Cobaltstrike C2 IP
52.13.83.52,Possible Cobaltstrike C2 IP
52.142.187.48,Possible Cobaltstrike C2 IP
52.142.57.101,Possible Cobaltstrike C2 IP
52.168.15.130,Possible Cobaltstrike C2 IP
52.170.45.158,Possible Cobaltstrike C2 IP
52.170.97.124,Possible Cobaltstrike C2 IP
52.18.207.109,Possible PoshC2 IP
52.186.141.15,Possible Cobaltstrike C2 IP
52.190.16.160,Possible Cobaltstrike C2 IP
52.190.58.186,Possible Cobaltstrike C2 IP
52.191.64.121,Possible Cobaltstrike C2 IP
52.191.69.145,Possible Cobaltstrike C2 IP
52.20.121.120,Possible Cobaltstrike C2 IP
52.202.10.91,Possible Cobaltstrike C2 IP
52.220.77.124,Possible Cobaltstrike C2 IP
52.224.110.232,Possible Cobaltstrike C2 IP
52.224.63.68,Possible Cobaltstrike C2 IP
52.226.160.53,Possible Cobaltstrike C2 IP
52.229.108.220,Possible Cobaltstrike C2 IP
52.253.108.7,Possible Cobaltstrike C2 IP
52.255.158.56,Possible Cobaltstrike C2 IP
52.70.254.144,Possible Cobaltstrike C2 IP
52.78.207.108,Possible Cobaltstrike C2 IP
52.90.87.208,Possible Cobaltstrike C2 IP
54.145.9.123,Possible Cobaltstrike C2 IP
54.149.34.95,Possible Cobaltstrike C2 IP
54.149.61.80,Possible Cobaltstrike C2 IP
54.151.32.137,Possible Cobaltstrike C2 IP
54.165.147.46,Possible Cobaltstrike C2 IP
54.172.116.21,Possible Cobaltstrike C2 IP
54.183.172.133,Possible Cobaltstrike C2 IP
54.196.123.144,Possible Cobaltstrike C2 IP
54.196.194.166,Possible Cobaltstrike C2 IP
54.199.248.162,Possible Cobaltstrike C2 IP
54.199.86.237,Possible Cobaltstrike C2 IP
54.217.61.189,Possible Cobaltstrike C2 IP
54.226.3.99,Possible Cobaltstrike C2 IP
54.226.51.227,Possible Cobaltstrike C2 IP
54.234.158.24,Possible Cobaltstrike C2 IP
54.235.238.79,Possible Cobaltstrike C2 IP
54.236.154.41,Possible Cobaltstrike C2 IP
54.251.238.73,Possible Cobaltstrike C2 IP
58.87.104.41,Possible Cobaltstrike C2 IP
58.87.99.181,Possible Cobaltstrike C2 IP
59.110.172.50,Possible Cobaltstrike C2 IP
59.110.215.128,Possible Cobaltstrike C2 IP
59.110.235.230,Possible Cobaltstrike C2 IP
59.110.33.59,Possible Cobaltstrike C2 IP
59.110.4.246,Possible Cobaltstrike C2 IP
59.110.46.22,Possible Cobaltstrike C2 IP
60.188.56.136,Possible Cobaltstrike C2 IP
60.204.133.143,Possible Cobaltstrike C2 IP
60.204.151.215,Possible Cobaltstrike C2 IP
60.204.156.77,Possible Cobaltstrike C2 IP
60.204.200.204,Possible Cobaltstrike C2 IP
60.205.207.32,Possible Cobaltstrike C2 IP
61.136.208.3,Possible Cobaltstrike C2 IP
61.141.222.100,Possible Cobaltstrike C2 IP
62.182.159.147,Possible PoshC2 IP
62.182.159.155,Possible PoshC2 IP
62.204.41.24,Possible Cobaltstrike C2 IP
62.234.12.42,Possible Cobaltstrike C2 IP
62.234.13.73,Possible Cobaltstrike C2 IP
62.234.185.105,Possible Cobaltstrike C2 IP
62.234.201.60,Possible Cobaltstrike C2 IP
62.234.206.247,Possible Cobaltstrike C2 IP
62.234.3.242,Possible Cobaltstrike C2 IP
62.234.46.238,Possible Cobaltstrike C2 IP
62.72.7.108,Possible Metasploit C2 IP
64.176.35.130,Possible Cobaltstrike C2 IP
64.176.38.26,Possible Cobaltstrike C2 IP
64.176.7.118,Possible Cobaltstrike C2 IP
64.225.68.252,Possible Cobaltstrike C2 IP
64.227.18.171,Possible Cobaltstrike C2 IP
64.227.71.13,Possible Cobaltstrike C2 IP
64.27.23.140,Possible Cobaltstrike C2 IP
64.44.102.84,Possible Cobaltstrike C2 IP
64.94.211.20,Possible Cobaltstrike C2 IP
66.135.30.181,Possible Cobaltstrike C2 IP
66.175.213.178,Possible Cobaltstrike C2 IP
66.29.131.147,Possible Cobaltstrike C2 IP
68.178.202.230,Possible Cobaltstrike C2 IP
68.178.203.239,Possible Cobaltstrike C2 IP
68.178.204.133,Possible Cobaltstrike C2 IP
68.183.176.202,Possible Cobaltstrike C2 IP
68.183.19.39,Possible Metasploit C2 IP
68.183.237.202,Possible Cobaltstrike C2 IP
68.183.252.141,Possible Powershell Empire C2 IP
69.176.89.98,Possible Cobaltstrike C2 IP
72.10.160.162,Possible Metasploit C2 IP
72.10.160.163,Possible Metasploit C2 IP
72.10.160.164,Possible Metasploit C2 IP
72.10.160.165,Possible Metasploit C2 IP
72.10.160.166,Possible Metasploit C2 IP
72.38.97.86,Possible Metasploit C2 IP
72.44.68.94,Possible Cobaltstrike C2 IP
77.242.250.36,Possible Cobaltstrike C2 IP
77.75.230.153,Possible Cobaltstrike C2 IP
79.124.40.70,Possible Cobaltstrike C2 IP
79.136.1.95,Possible Cobaltstrike C2 IP
8.129.237.254,Possible Cobaltstrike C2 IP
8.130.106.206,Possible Cobaltstrike C2 IP
8.130.107.128,Possible Cobaltstrike C2 IP
8.130.117.87,Possible Cobaltstrike C2 IP
8.130.125.126,Possible Cobaltstrike C2 IP
8.130.18.110,Possible Cobaltstrike C2 IP
8.130.18.218,Possible Cobaltstrike C2 IP
8.130.38.218,Possible Cobaltstrike C2 IP
8.130.45.91,Possible Cobaltstrike C2 IP
8.130.75.152,Possible Cobaltstrike C2 IP
8.130.84.57,Possible Cobaltstrike C2 IP
8.130.86.184,Possible Cobaltstrike C2 IP
8.131.118.10,Possible Cobaltstrike C2 IP
8.134.108.35,Possible Cobaltstrike C2 IP
8.134.109.120,Possible Cobaltstrike C2 IP
8.134.111.99,Possible Cobaltstrike C2 IP
8.134.122.165,Possible Cobaltstrike C2 IP
8.134.209.29,Possible Cobaltstrike C2 IP
8.134.96.195,Possible Cobaltstrike C2 IP
8.135.112.178,Possible Cobaltstrike C2 IP
8.135.97.155,Possible Cobaltstrike C2 IP
8.136.201.3,Possible Cobaltstrike C2 IP
8.137.50.80,Possible Cobaltstrike C2 IP
8.137.97.92,Possible Cobaltstrike C2 IP
8.140.12.158,Possible Cobaltstrike C2 IP
8.140.135.23,Possible Cobaltstrike C2 IP
8.140.20.239,Possible Cobaltstrike C2 IP
8.140.23.148,Possible Cobaltstrike C2 IP
8.140.37.238,Possible Cobaltstrike C2 IP
8.140.50.236,Possible Cobaltstrike C2 IP
8.142.134.43,Possible Cobaltstrike C2 IP
8.142.69.99,Possible Cobaltstrike C2 IP
8.143.2.128,Possible Cobaltstrike C2 IP
8.146.200.148,Possible Cobaltstrike C2 IP
8.209.244.255,Possible Cobaltstrike C2 IP
8.210.2.157,Possible Cobaltstrike C2 IP
8.212.44.149,Possible Cobaltstrike C2 IP
8.212.49.116,Possible Cobaltstrike C2 IP
8.217.147.50,Possible Cobaltstrike C2 IP
8.218.129.91,Possible Cobaltstrike C2 IP
8.218.203.72,Possible Cobaltstrike C2 IP
8.218.250.197,Possible Cobaltstrike C2 IP
8.218.28.246,Possible Cobaltstrike C2 IP
8.218.61.216,Possible Cobaltstrike C2 IP
8.219.185.16,Possible Cobaltstrike C2 IP
8.219.207.66,Possible Cobaltstrike C2 IP
8.219.218.164,Possible Cobaltstrike C2 IP
8.219.60.122,Possible Cobaltstrike C2 IP
8.222.132.67,Possible Cobaltstrike C2 IP
8.222.245.215,Possible Cobaltstrike C2 IP
80.143.38.103,Possible Cobaltstrike C2 IP
80.66.88.127,Possible Cobaltstrike C2 IP
81.17.20.66,Possible Metasploit C2 IP
81.19.137.0,Possible Cobaltstrike C2 IP
81.68.106.68,Possible Cobaltstrike C2 IP
81.68.115.220,Possible Cobaltstrike C2 IP
81.68.116.198,Possible Cobaltstrike C2 IP
81.68.121.207,Possible Cobaltstrike C2 IP
81.68.121.240,Possible Cobaltstrike C2 IP
81.68.130.209,Possible Cobaltstrike C2 IP
81.68.137.215,Possible Cobaltstrike C2 IP
81.68.186.243,Possible Cobaltstrike C2 IP
81.68.194.174,Possible Cobaltstrike C2 IP
81.68.215.53,Possible Cobaltstrike C2 IP
81.68.225.136,Possible Cobaltstrike C2 IP
81.68.227.204,Possible Cobaltstrike C2 IP
81.68.232.146,Possible Cobaltstrike C2 IP
81.68.241.8,Possible Cobaltstrike C2 IP
81.68.248.129,Possible Cobaltstrike C2 IP
81.68.249.97,Possible Cobaltstrike C2 IP
81.68.252.42,Possible Cobaltstrike C2 IP
81.68.253.13,Possible Cobaltstrike C2 IP
81.68.77.167,Possible Cobaltstrike C2 IP
81.69.10.170,Possible Cobaltstrike C2 IP
81.69.18.115,Possible Cobaltstrike C2 IP
81.69.221.247,Possible Cobaltstrike C2 IP
81.69.96.149,Possible Cobaltstrike C2 IP
81.70.0.37,Possible Cobaltstrike C2 IP
81.70.135.239,Possible Cobaltstrike C2 IP
81.70.167.153,Possible Cobaltstrike C2 IP
81.70.183.22,Possible Cobaltstrike C2 IP
81.70.190.25,Possible Cobaltstrike C2 IP
81.70.253.205,Possible Cobaltstrike C2 IP
81.70.29.244,Possible Cobaltstrike C2 IP
81.70.3.30,Possible Cobaltstrike C2 IP
81.70.5.157,Possible Cobaltstrike C2 IP
81.71.133.220,Possible Cobaltstrike C2 IP
81.71.68.50,Possible Cobaltstrike C2 IP
81.71.69.178,Possible Cobaltstrike C2 IP
82.156.148.34,Possible Cobaltstrike C2 IP
82.156.148.36,Possible Cobaltstrike C2 IP
82.156.154.72,Possible Cobaltstrike C2 IP
82.156.157.156,Possible Cobaltstrike C2 IP
82.156.166.154,Possible Cobaltstrike C2 IP
82.156.177.149,Possible Cobaltstrike C2 IP
82.156.188.211,Possible Cobaltstrike C2 IP
82.156.225.16,Possible Cobaltstrike C2 IP
82.156.28.224,Possible Cobaltstrike C2 IP
82.156.29.83,Possible Cobaltstrike C2 IP
82.156.55.208,Possible Cobaltstrike C2 IP
82.156.67.15,Possible Cobaltstrike C2 IP
82.157.101.73,Possible Cobaltstrike C2 IP
82.157.110.128,Possible Cobaltstrike C2 IP
82.157.125.21,Possible Cobaltstrike C2 IP
82.157.138.249,Possible Cobaltstrike C2 IP
82.157.145.105,Possible Cobaltstrike C2 IP
82.157.145.234,Possible Cobaltstrike C2 IP
82.157.147.131,Possible Cobaltstrike C2 IP
82.157.157.230,Possible Cobaltstrike C2 IP
82.157.169.10,Possible Cobaltstrike C2 IP
82.157.17.183,Possible Cobaltstrike C2 IP
82.157.173.159,Possible Cobaltstrike C2 IP
82.157.195.150,Possible Cobaltstrike C2 IP
82.157.63.28,Possible Cobaltstrike C2 IP
82.157.66.32,Possible Cobaltstrike C2 IP
83.212.86.169,Possible Metasploit C2 IP
85.10.134.79,Possible Cobaltstrike C2 IP
85.175.101.203,Possible Cobaltstrike C2 IP
85.206.172.24,Possible Cobaltstrike C2 IP
85.217.144.148,Possible Cobaltstrike C2 IP
88.214.26.100,Possible Cobaltstrike C2 IP
88.214.26.54,Possible Cobaltstrike C2 IP
88.218.192.130,Possible Cobaltstrike C2 IP
88.218.60.212,Possible Cobaltstrike C2 IP
89.116.255.157,Possible Metasploit C2 IP
89.147.108.109,Possible Cobaltstrike C2 IP
89.147.110.174,Possible Cobaltstrike C2 IP
89.19.214.166,Possible Cobaltstrike C2 IP
91.103.253.48,Possible Cobaltstrike C2 IP
91.103.253.98,Possible Cobaltstrike C2 IP
91.206.178.165,Possible Cobaltstrike C2 IP
91.213.50.110,Possible Cobaltstrike C2 IP
91.215.85.166,Possible Cobaltstrike C2 IP
91.215.85.222,Possible Cobaltstrike C2 IP
91.219.215.6,Possible Metasploit C2 IP
91.238.181.251,Possible Cobaltstrike C2 IP
91.238.203.23,Possible Cobaltstrike C2 IP
92.222.172.39,Possible Cobaltstrike C2 IP
92.63.196.45,Possible Cobaltstrike C2 IP
92.63.196.48,Possible Cobaltstrike C2 IP
93.157.86.27,Possible Cobaltstrike C2 IP
93.179.127.146,Possible Cobaltstrike C2 IP
93.95.225.253,Possible Metasploit C2 IP
94.131.113.34,Possible Cobaltstrike C2 IP
94.23.255.82,Possible Metasploit C2 IP
94.242.61.116,Possible Metasploit C2 IP
95.169.25.166,Possible Cobaltstrike C2 IP
95.213.145.101,Possible PoshC2 IP
95.214.11.213,Possible Cobaltstrike C2 IP
95.214.26.27,Possible Cobaltstrike C2 IP
95.214.27.59,Possible Cobaltstrike C2 IP
98.71.232.223,Possible Cobaltstrike C2 IP
